generation,set_name,card_name,pokemon_id,pokemon_name,card_number,set_size,price,rarity,img,update
Karmesin & Purpur,Reisegefährten,Brutalanda-ex,373,0373 Brutalanda,187,159,54.99,Special Illustration Rare,./img/Reisegefährten_187_Brutalanda-ex.png,18.07.2025
Karmesin & Purpur,Reisegefährten,Hops Zacian-ex,888,0888 Zacian,186,159,37.49,Special Illustration Rare,./img/Reisegefährten_186_Hops Zacian-ex.png,18.07.2025
Karmesin & Purpur,Reisegefährten,Ns Zoroark-ex,571,0571 Zoroark,185,159,60.0,Special Illustration Rare,./img/Reisegefährten_185_Ns Zoroark-ex.png,18.07.2025
Karmesin & Purpur,Reisegefährten,Lillys Piepi-ex,35,0035 Piepi,184,159,97.99,Special Illustration Rare,./img/Reisegefährten_184_Lillys Piepi-ex.png,18.07.2025
Karmesin & Purpur,Reisegefährten,Enigmaras Wampitz-ex,939,0939 Wampitz,183,159,38.99,Special Illustration Rare,./img/Reisegefährten_183_Enigmaras Wampitz-ex.png,18.07.2025
Karmesin & Purpur,Reisegefährten,Volcanion-ex,721,0721 Volcanion,182,159,26.99,Special Illustration Rare,./img/Reisegefährten_182_Volcanion-ex.png,18.07.2025
Karmesin & Purpur,Reisegefährten,Hops Wolly,831,0831 Wolly,170,159,2.49,Illustration Rare,./img/Reisegefährten_170_Hops Wolly.png,18.07.2025
Karmesin & Purpur,Reisegefährten,eF-eM,714,0714 eF-eM,169,159,3.5,Illustration Rare,./img/Reisegefährten_169_eF-eM.png,18.07.2025
Karmesin & Purpur,Reisegefährten,Wiesenior,162,0162 Wiesenior,168,159,3.99,Illustration Rare,./img/Reisegefährten_168_Wiesenior.png,18.07.2025
Karmesin & Purpur,Reisegefährten,Ns Reshiram,643,0643 Reshiram,167,159,14.0,Illustration Rare,./img/Reisegefährten_167_Ns Reshiram.png,18.07.2025
Karmesin & Purpur,Reisegefährten,Wolwerock,745,0745 Wolwerock,166,159,2.2,Illustration Rare,./img/Reisegefährten_166_Wolwerock.png,18.07.2025
Karmesin & Purpur,Reisegefährten,Quiekel,220,0220 Quiekel,165,159,1.45,Illustration Rare,./img/Reisegefährten_165_Quiekel.png,18.07.2025
Karmesin & Purpur,Reisegefährten,Lillys Bandelby,743,0743 Bandelby,164,159,4.0,Illustration Rare,./img/Reisegefährten_164_Lillys Bandelby.png,18.07.2025
Karmesin & Purpur,Reisegefährten,Enigmaras Voltrean,941,0941 Voltrean,163,159,3.49,Illustration Rare,./img/Reisegefährten_163_Enigmaras Voltrean.png,18.07.2025
Karmesin & Purpur,Reisegefährten,Wailord,321,0321 Wailord,162,159,6.55,Illustration Rare,./img/Reisegefährten_162_Wailord.png,18.07.2025
Karmesin & Purpur,Reisegefährten,Arktos,144,0144 Arktos,161,159,14.99,Illustration Rare,./img/Reisegefährten_161_Arktos.png,18.07.2025
Karmesin & Purpur,Reisegefährten,Maracamba,556,0556 Maracamba,160,159,1.79,Illustration Rare,./img/Reisegefährten_160_Maracamba.png,18.07.2025
Karmesin & Purpur,Prismatische Entwicklungen,Terapagos-ex Holo,1024,1024 Terapagos,169,131,25.96,Special Illustration Rare,./img/PrismatischeEntwicklungen_169_Terapagos-ex Holo.png,18.07.2025
Karmesin & Purpur,Prismatische Entwicklungen,Blutmond-Ursaluna-ex Holo,901,0901 Ursaluna,168,131,43.0,Special Illustration Rare,./img/PrismatischeEntwicklungen_168_Blutmond-Ursaluna-ex Holo.png,18.07.2025
Karmesin & Purpur,Prismatische Entwicklungen,Evoli-ex Holo,133,0133 Evoli,167,131,114.99,Special Illustration Rare,./img/PrismatischeEntwicklungen_167_Evoli-ex Holo.png,18.07.2025
Karmesin & Purpur,Prismatische Entwicklungen,Furienblitz-ex Holo,1021,1021 Furienblitz,166,131,55.0,Special Illustration Rare,./img/PrismatischeEntwicklungen_166_Furienblitz-ex Holo.png,18.07.2025
Karmesin & Purpur,Prismatische Entwicklungen,Katapuldra-ex Holo,887,0887 Katapuldra,165,131,78.8,Special Illustration Rare,./img/PrismatischeEntwicklungen_165_Katapuldra-ex Holo.png,18.07.2025
Karmesin & Purpur,Prismatische Entwicklungen,Monetigo-ex Holo,1000,1000 Monetigo,164,131,35.0,Special Illustration Rare,./img/PrismatischeEntwicklungen_164_Monetigo-ex Holo.png,18.07.2025
Karmesin & Purpur,Prismatische Entwicklungen,Infamomo-ex Holo,1025,1025 Infamomo,163,131,25.0,Special Illustration Rare,./img/PrismatischeEntwicklungen_163_Infamomo-ex Holo.png,18.07.2025
Karmesin & Purpur,Prismatische Entwicklungen,Donnersichel-ex Holo,1005,1005 Donnersichel,162,131,110.0,Special Illustration Rare,./img/PrismatischeEntwicklungen_162_Donnersichel-ex Holo.png,18.07.2025
Karmesin & Purpur,Prismatische Entwicklungen,Nachtara-ex Holo,197,0197 Nachtara,161,131,740.0,Special Illustration Rare,./img/PrismatischeEntwicklungen_161_Nachtara-ex Holo.png,18.07.2025
Karmesin & Purpur,Prismatische Entwicklungen,Fundamentmaske-Ogerpon-ex Holo,1017,1017 Ogerpon,160,131,13.5,Special Illustration Rare,./img/PrismatischeEntwicklungen_160_Fundamentmaske-Ogerpon-ex Holo.png,18.07.2025
Karmesin & Purpur,Prismatische Entwicklungen,Sandfell-ex Holo,989,0989 Sandfell,159,131,25.0,Special Illustration Rare,./img/PrismatischeEntwicklungen_159_Sandfell-ex Holo.png,18.07.2025
Karmesin & Purpur,Prismatische Entwicklungen,Eisenhaupt-ex Holo,1023,1023 Eisenhaupt,158,131,27.99,Special Illustration Rare,./img/PrismatischeEntwicklungen_158_Eisenhaupt-ex Holo.png,18.07.2025
Karmesin & Purpur,Prismatische Entwicklungen,Eisenkrieger-ex Holo,1006,1006 Eisenkrieger,157,131,39.95,Special Illustration Rare,./img/PrismatischeEntwicklungen_157_Eisenkrieger-ex Holo.png,18.07.2025
Karmesin & Purpur,Prismatische Entwicklungen,Feelinara-ex Holo,700,0700 Feelinara,156,131,235.0,Special Illustration Rare,./img/PrismatischeEntwicklungen_156_Feelinara-ex Holo.png,18.07.2025
Karmesin & Purpur,Prismatische Entwicklungen,Psiana-ex Holo,196,0196 Psiana,155,131,178.39,Special Illustration Rare,./img/PrismatischeEntwicklungen_155_Psiana-ex Holo.png,18.07.2025
Karmesin & Purpur,Prismatische Entwicklungen,Eisenhand-ex Holo,992,0992 Eisenhand,154,131,29.0,Special Illustration Rare,./img/PrismatischeEntwicklungen_154_Eisenhand-ex Holo.png,18.07.2025
Karmesin & Purpur,Prismatische Entwicklungen,Blitza-ex Holo,135,0135 Blitza,153,131,140.0,Special Illustration Rare,./img/PrismatischeEntwicklungen_153_Blitza-ex Holo.png,18.07.2025
Karmesin & Purpur,Prismatische Entwicklungen,Brunnenmaske-Ogerpon-ex Holo,1017,1017 Ogerpon,152,131,13.95,Special Illustration Rare,./img/PrismatischeEntwicklungen_152_Brunnenmaske-Ogerpon-ex Holo.png,18.07.2025
Karmesin & Purpur,Prismatische Entwicklungen,Delfinator-ex Holo,964,0964 Delfinator,151,131,37.99,Special Illustration Rare,./img/PrismatischeEntwicklungen_151_Delfinator-ex Holo.png,18.07.2025
Karmesin & Purpur,Prismatische Entwicklungen,Glaziola-ex Holo,471,0471 Glaziola,150,131,159.0,Special Illustration Rare,./img/PrismatischeEntwicklungen_150_Glaziola-ex Holo.png,18.07.2025
Karmesin & Purpur,Prismatische Entwicklungen,Aquana-ex Holo,134,0134 Aquana,149,131,160.0,Special Illustration Rare,./img/PrismatischeEntwicklungen_149_Aquana-ex Holo.png,18.07.2025
Karmesin & Purpur,Prismatische Entwicklungen,Ofenmaske-Ogerpon-ex Holo,1017,1017 Ogerpon,148,131,17.99,Special Illustration Rare,./img/PrismatischeEntwicklungen_148_Ofenmaske-Ogerpon-ex Holo.png,18.07.2025
Karmesin & Purpur,Prismatische Entwicklungen,Azugladis-ex Holo,937,0937 Azugladis,147,131,78.99,Special Illustration Rare,./img/PrismatischeEntwicklungen_147_Azugladis-ex Holo.png,18.07.2025
Karmesin & Purpur,Prismatische Entwicklungen,Flamara-ex Holo,136,0136 Flamara,146,131,139.0,Special Illustration Rare,./img/PrismatischeEntwicklungen_146_Flamara-ex Holo.png,18.07.2025
Karmesin & Purpur,Prismatische Entwicklungen,Türkisgrüne-Maske-Ogerpon-ex Holo,1017,1017 Ogerpon,145,131,17.5,Special Illustration Rare,./img/PrismatischeEntwicklungen_145_Türkisgrüne-Maske-Ogerpon-ex Holo.png,18.07.2025
Karmesin & Purpur,Prismatische Entwicklungen,Folipurba-ex Holo,470,0470 Folipurba,144,131,179.99,Special Illustration Rare,./img/PrismatischeEntwicklungen_144_Folipurba-ex Holo.png,18.07.2025
Karmesin & Purpur,Stürmische Funken,Alola-Kokowei-ex,103,0103 Kokowei,242,191,29.4,Special Illustration Rare,./img/StürmischeFunken_242_Alola-Kokowei-ex.png,18.07.2025
Karmesin & Purpur,Stürmische Funken,Briduradon-ex,1018,1018 Briduradon,241,191,14.0,Special Illustration Rare,./img/StürmischeFunken_241_Briduradon-ex.png,18.07.2025
Karmesin & Purpur,Stürmische Funken,Trikephalo-ex,635,0635 Trikephalo,240,191,34.99,Special Illustration Rare,./img/StürmischeFunken_240_Trikephalo-ex.png,18.07.2025
Karmesin & Purpur,Stürmische Funken,Latias-ex,380,0380 Latias,239,191,113.99,Special Illustration Rare,./img/StürmischeFunken_239_Latias-ex.png,18.07.2025
Karmesin & Purpur,Stürmische Funken,Pikachu-ex,25,0025 Pikachu,238,191,172.99,Special Illustration Rare,./img/StürmischeFunken_238_Pikachu-ex.png,18.07.2025
Karmesin & Purpur,Stürmische Funken,Milotic-ex,350,0350 Milotic,237,191,90.0,Special Illustration Rare,./img/StürmischeFunken_237_Milotic-ex.png,18.07.2025
Karmesin & Purpur,Stürmische Funken,Fermicula-ex,632,0632 Fermicula,236,191,20.0,Special Illustration Rare,./img/StürmischeFunken_236_Fermicula-ex.png,18.07.2025
Karmesin & Purpur,Stürmische Funken,Washakwil,628,0628 Washakwil,214,191,3.9,Illustration Rare,./img/StürmischeFunken_214_Washakwil.png,18.07.2025
Karmesin & Purpur,Stürmische Funken,Kecleon,352,0352 Kecleon,213,191,2.99,Illustration Rare,./img/StürmischeFunken_213_Kecleon.png,18.07.2025
Karmesin & Purpur,Stürmische Funken,Bummelz,287,0287 Bummelz,212,191,3.89,Illustration Rare,./img/StürmischeFunken_212_Bummelz.png,18.07.2025
Karmesin & Purpur,Stürmische Funken,Schlapfel,842,0842 Schlapfel,211,191,2.75,Illustration Rare,./img/StürmischeFunken_211_Schlapfel.png,18.07.2025
Karmesin & Purpur,Stürmische Funken,Drapfel,841,0841 Drapfel,210,191,2.0,Illustration Rare,./img/StürmischeFunken_210_Drapfel.png,18.07.2025
Karmesin & Purpur,Stürmische Funken,Panzaeron,227,0227 Panzaeron,209,191,6.0,Illustration Rare,./img/StürmischeFunken_209_Panzaeron.png,18.07.2025
Karmesin & Purpur,Stürmische Funken,Alola-Digdri,51,0051 Digdri,208,191,3.0,Illustration Rare,./img/StürmischeFunken_208_Alola-Digdri.png,18.07.2025
Karmesin & Purpur,Stürmische Funken,Klopptopus,852,0852 Klopptopus,207,191,1.79,Illustration Rare,./img/StürmischeFunken_207_Klopptopus.png,18.07.2025
Karmesin & Purpur,Stürmische Funken,Vibrava,329,0329 Vibrava,206,191,1.89,Illustration Rare,./img/StürmischeFunken_206_Vibrava.png,18.07.2025
Karmesin & Purpur,Stürmische Funken,Phanpy,231,0231 Phanpy,205,191,4.89,Illustration Rare,./img/StürmischeFunken_205_Phanpy.png,18.07.2025
Karmesin & Purpur,Stürmische Funken,Vesprit,481,0481 Vesprit,204,191,8.44,Illustration Rare,./img/StürmischeFunken_204_Vesprit.png,18.07.2025
Karmesin & Purpur,Stürmische Funken,Latios,381,0381 Latios,203,191,18.79,Illustration Rare,./img/StürmischeFunken_203_Latios.png,18.07.2025
Karmesin & Purpur,Stürmische Funken,Flunschlik,618,0618 Flunschlik,202,191,0.89,Illustration Rare,./img/StürmischeFunken_202_Flunschlik.png,18.07.2025
Karmesin & Purpur,Stürmische Funken,Kolowal,975,0975 Kolowal,201,191,1.45,Illustration Rare,./img/StürmischeFunken_201_Kolowal.png,18.07.2025
Karmesin & Purpur,Stürmische Funken,Knirfish,779,0779 Knirfish,200,191,1.75,Illustration Rare,./img/StürmischeFunken_200_Knirfish.png,18.07.2025
Karmesin & Purpur,Stürmische Funken,Seemops,363,0363 Seemops,199,191,4.35,Illustration Rare,./img/StürmischeFunken_199_Seemops.png,18.07.2025
Karmesin & Purpur,Stürmische Funken,Barschwa,349,0349 Barschwa,198,191,6.5,Illustration Rare,./img/StürmischeFunken_198_Barschwa.png,18.07.2025
Karmesin & Purpur,Stürmische Funken,Azugladis,937,0937 Azugladis,197,191,9.89,Illustration Rare,./img/StürmischeFunken_197_Azugladis.png,18.07.2025
Karmesin & Purpur,Stürmische Funken,Ignivor,636,0636 Ignivor,196,191,1.15,Illustration Rare,./img/StürmischeFunken_196_Ignivor.png,18.07.2025
Karmesin & Purpur,Stürmische Funken,Formeo Sonnenform,351,0351 Formeo,195,191,3.5,Illustration Rare,./img/StürmischeFunken_195_Formeo Sonnenform.png,18.07.2025
Karmesin & Purpur,Stürmische Funken,Lamellux,756,0756 Lamellux,194,191,2.0,Illustration Rare,./img/StürmischeFunken_194_Lamellux.png,18.07.2025
Karmesin & Purpur,Stürmische Funken,Vivillon,666,0666 Vivillon,193,191,2.49,Illustration Rare,./img/StürmischeFunken_193_Vivillon.png,18.07.2025
Karmesin & Purpur,Stürmische Funken,Owei,102,0102 Owei,192,191,2.0,Illustration Rare,./img/StürmischeFunken_192_Owei.png,18.07.2025
Karmesin & Purpur,Stellarkrone,Terapagos-ex,1024,1024 Terapagos,170,142,37.99,Special Illustration Rare,./img/Stellarkrone_170_Terapagos-ex.png,18.07.2025
Karmesin & Purpur,Stellarkrone,Backel-ex,927,0927 Backel,169,142,27.99,Special Illustration Rare,./img/Stellarkrone_169_Backel-ex.png,18.07.2025
Karmesin & Purpur,Stellarkrone,Voltula-ex,596,0596 Voltula,168,142,17.0,Special Illustration Rare,./img/Stellarkrone_168_Voltula-ex.png,18.07.2025
Karmesin & Purpur,Stellarkrone,Hydrapfel-ex,1019,1019 Hydrapfel,167,142,25.0,Special Illustration Rare,./img/Stellarkrone_167_Hydrapfel-ex.png,18.07.2025
Karmesin & Purpur,Stellarkrone,Briduradon,1018,1018 Briduradon,155,142,2.0,Illustration Rare,./img/Stellarkrone_155_Briduradon.png,18.07.2025
Karmesin & Purpur,Stellarkrone,Schluppuck,316,0316 Schluppuck,154,142,2.99,Illustration Rare,./img/Stellarkrone_154_Schluppuck.png,18.07.2025
Karmesin & Purpur,Stellarkrone,Meditie,307,0307 Meditie,153,142,3.49,Illustration Rare,./img/Stellarkrone_153_Meditie.png,18.07.2025
Karmesin & Purpur,Stellarkrone,Hokumil,868,0868 Hokumil,152,142,3.99,Illustration Rare,./img/Stellarkrone_152_Hokumil.png,18.07.2025
Karmesin & Purpur,Stellarkrone,Zeraora,807,0807 Zeraora,151,142,5.0,Illustration Rare,./img/Stellarkrone_151_Zeraora.png,18.07.2025
Karmesin & Purpur,Stellarkrone,Wattzapf,595,0595 Wattzapf,150,142,3.98,Illustration Rare,./img/Stellarkrone_150_Wattzapf.png,18.07.2025
Karmesin & Purpur,Stellarkrone,Krawell,740,0740 Krawell,149,142,2.15,Illustration Rare,./img/Stellarkrone_149_Krawell.png,18.07.2025
Karmesin & Purpur,Stellarkrone,Schiggy,7,0007 Schiggy,148,142,35.0,Illustration Rare,./img/Stellarkrone_148_Schiggy.png,18.07.2025
Karmesin & Purpur,Stellarkrone,Kickerlo,814,0814 Kickerlo,147,142,3.69,Illustration Rare,./img/Stellarkrone_147_Kickerlo.png,18.07.2025
Karmesin & Purpur,Stellarkrone,Tortunator,776,0776 Tortunator,146,142,2.3,Illustration Rare,./img/Stellarkrone_146_Tortunator.png,18.07.2025
Karmesin & Purpur,Stellarkrone,Liliep,345,0345 Liliep,145,142,3.0,Illustration Rare,./img/Stellarkrone_145_Liliep.png,18.07.2025
Karmesin & Purpur,Stellarkrone,Ledian,166,0166 Ledian,144,142,2.58,Illustration Rare,./img/Stellarkrone_144_Ledian.png,18.07.2025
Karmesin & Purpur,Stellarkrone,Bisasam,1,0001 Bisasam,143,142,37.99,Illustration Rare,./img/Stellarkrone_143_Bisasam.png,18.07.2025
Karmesin & Purpur,Nebel der Sagen,Pecharunt ex,1025,1025 Infamomo,93,64,17.48,Special Illustration Rare,./img/NebelderSagen_93_Pecharunt ex.png,18.07.2025
Karmesin & Purpur,Nebel der Sagen,Fezandipiti ex,1016,1016 Beatori,92,64,34.89,Special Illustration Rare,./img/NebelderSagen_92_Fezandipiti ex.png,18.07.2025
Karmesin & Purpur,Nebel der Sagen,Munkidori ex,1015,1015 Benesaru,91,64,14.0,Special Illustration Rare,./img/NebelderSagen_91_Munkidori ex.png,18.07.2025
Karmesin & Purpur,Nebel der Sagen,Okidogi ex,1014,1014 Boninu,90,64,16.0,Special Illustration Rare,./img/NebelderSagen_90_Okidogi ex.png,18.07.2025
Karmesin & Purpur,Nebel der Sagen,Bewear,760,0760 Kosturso,79,64,4.4,Illustration Rare,./img/NebelderSagen_79_Bewear.png,18.07.2025
Karmesin & Purpur,Nebel der Sagen,Persian,53,0053 Snobilikat,78,64,28.0,Illustration Rare,./img/NebelderSagen_78_Persian.png,18.07.2025
Karmesin & Purpur,Nebel der Sagen,Fraxure,611,0611 Sharfax,77,64,6.0,Illustration Rare,./img/NebelderSagen_77_Fraxure.png,18.07.2025
Karmesin & Purpur,Nebel der Sagen,Cufant,878,0878 Kupfanti,76,64,6.99,Illustration Rare,./img/NebelderSagen_76_Cufant.png,18.07.2025
Karmesin & Purpur,Nebel der Sagen,Zorua,570,0570 Zorua,75,64,9.5,Illustration Rare,./img/NebelderSagen_75_Zorua.png,18.07.2025
Karmesin & Purpur,Nebel der Sagen,Okidogi,1014,1014 Boninu,74,64,4.99,Illustration Rare,./img/NebelderSagen_74_Okidogi.png,18.07.2025
Karmesin & Purpur,Nebel der Sagen,Fezandipiti,1016,1016 Beatori,73,64,6.5,Illustration Rare,./img/NebelderSagen_73_Fezandipiti.png,18.07.2025
Karmesin & Purpur,Nebel der Sagen,Munkidori,1015,1015 Benesaru,72,64,22.48,Illustration Rare,./img/NebelderSagen_72_Munkidori.png,18.07.2025
Karmesin & Purpur,Nebel der Sagen,Cresselia,488,0488 Cresselia,71,64,10.0,Illustration Rare,./img/NebelderSagen_71_Cresselia.png,18.07.2025
Karmesin & Purpur,Nebel der Sagen,Dusknoir,477,0477 Zwirrfinst,70,64,14.0,Illustration Rare,./img/NebelderSagen_70_Dusknoir.png,18.07.2025
Karmesin & Purpur,Nebel der Sagen,Dusclops,356,0356 Zwirrklop,69,64,13.99,Illustration Rare,./img/NebelderSagen_69_Dusclops.png,18.07.2025
Karmesin & Purpur,Nebel der Sagen,Duskull,355,0355 Zwirrlicht,68,64,17.99,Illustration Rare,./img/NebelderSagen_68_Duskull.png,18.07.2025
Karmesin & Purpur,Nebel der Sagen,Horsea,116,0116 Seeper,67,64,14.0,Illustration Rare,./img/NebelderSagen_67_Horsea.png,18.07.2025
Karmesin & Purpur,Nebel der Sagen,Houndoom,229,0229 Hundemon,66,64,18.0,Illustration Rare,./img/NebelderSagen_66_Houndoom.png,18.07.2025
Karmesin & Purpur,Nebel der Sagen,Tapu Bulu,787,0787 Kapu-Toro,65,64,4.2,Illustration Rare,./img/NebelderSagen_65_Tapu Bulu.png,18.07.2025
Karmesin & Purpur,Maskerade im Zwielicht,Blutmond-Ursaluna-ex,901,0901 Ursaluna,216,167,27.99,Special Illustration Rare,./img/MaskeradeimZwielicht_216_Blutmond-Ursaluna-ex.png,18.07.2025
Karmesin & Purpur,Maskerade im Zwielicht,Fundamentmaske-Ogerpon-ex,1017,1017 Ogerpon,215,167,11.5,Special Illustration Rare,./img/MaskeradeimZwielicht_215_Fundamentmaske-Ogerpon-ex.png,18.07.2025
Karmesin & Purpur,Maskerade im Zwielicht,Quajutsu-ex,658,0658 Quajutsu,214,167,150.0,Special Illustration Rare,./img/MaskeradeimZwielicht_214_Quajutsu-ex.png,18.07.2025
Karmesin & Purpur,Maskerade im Zwielicht,Brunnenmaske-Ogerpon-ex,1017,1017 Ogerpon,213,167,12.95,Special Illustration Rare,./img/MaskeradeimZwielicht_213_Brunnenmaske-Ogerpon-ex.png,18.07.2025
Karmesin & Purpur,Maskerade im Zwielicht,Ofenmaske-Ogerpon-ex,1017,1017 Ogerpon,212,167,11.5,Special Illustration Rare,./img/MaskeradeimZwielicht_212_Ofenmaske-Ogerpon-ex.png,18.07.2025
Karmesin & Purpur,Maskerade im Zwielicht,Türkisgrüne-Maske-Ogerpon-ex,1017,1017 Ogerpon,211,167,17.0,Special Illustration Rare,./img/MaskeradeimZwielicht_211_Türkisgrüne-Maske-Ogerpon-ex.png,18.07.2025
Karmesin & Purpur,Maskerade im Zwielicht,Fatalitcha-ex,1013,1013 Fatalitcha,210,167,14.8,Special Illustration Rare,./img/MaskeradeimZwielicht_210_Fatalitcha-ex.png,18.07.2025
Karmesin & Purpur,Maskerade im Zwielicht,Evoli,133,0133 Evoli,188,167,45.99,Illustration Rare,./img/MaskeradeimZwielicht_188_Evoli.png,18.07.2025
Karmesin & Purpur,Maskerade im Zwielicht,Chaneira,113,0113 Chaneira,187,167,13.0,Illustration Rare,./img/MaskeradeimZwielicht_187_Chaneira.png,18.07.2025
Karmesin & Purpur,Maskerade im Zwielicht,Nigiragi,978,0978 Nigiragi,186,167,6.0,Illustration Rare,./img/MaskeradeimZwielicht_186_Nigiragi.png,18.07.2025
Karmesin & Purpur,Maskerade im Zwielicht,Knapfel,840,0840 Knapfel,185,167,3.8,Illustration Rare,./img/MaskeradeimZwielicht_185_Knapfel.png,18.07.2025
Karmesin & Purpur,Maskerade im Zwielicht,Stollrak,305,0305 Stollrak,184,167,3.0,Illustration Rare,./img/MaskeradeimZwielicht_184_Stollrak.png,18.07.2025
Karmesin & Purpur,Maskerade im Zwielicht,Praktibalk,532,0532 Praktibalk,183,167,2.9,Illustration Rare,./img/MaskeradeimZwielicht_183_Praktibalk.png,18.07.2025
Karmesin & Purpur,Maskerade im Zwielicht,Voluminas,476,0476 Voluminas,182,167,1.9,Illustration Rare,./img/MaskeradeimZwielicht_182_Voluminas.png,18.07.2025
Karmesin & Purpur,Maskerade im Zwielicht,Hisui-Fukano,58,0058 Fukano,181,167,7.0,Illustration Rare,./img/MaskeradeimZwielicht_181_Hisui-Fukano.png,18.07.2025
Karmesin & Purpur,Maskerade im Zwielicht,Cupidos,905,0905 Cupidos,180,167,2.49,Illustration Rare,./img/MaskeradeimZwielicht_180_Cupidos.png,18.07.2025
Karmesin & Purpur,Maskerade im Zwielicht,Palimpalim,358,0358 Palimpalim,179,167,2.5,Illustration Rare,./img/MaskeradeimZwielicht_179_Palimpalim.png,18.07.2025
Karmesin & Purpur,Maskerade im Zwielicht,Voltrel,940,0940 Voltrel,178,167,2.8,Illustration Rare,./img/MaskeradeimZwielicht_178_Voltrel.png,18.07.2025
Karmesin & Purpur,Maskerade im Zwielicht,Elezard,695,0695 Elezard,177,167,2.0,Illustration Rare,./img/MaskeradeimZwielicht_177_Elezard.png,18.07.2025
Karmesin & Purpur,Maskerade im Zwielicht,Urgl,845,0845 Urgl,176,167,1.8,Illustration Rare,./img/MaskeradeimZwielicht_176_Urgl.png,18.07.2025
Karmesin & Purpur,Maskerade im Zwielicht,Phione,489,0489 Phione,175,167,5.4,Illustration Rare,./img/MaskeradeimZwielicht_175_Phione.png,18.07.2025
Karmesin & Purpur,Maskerade im Zwielicht,Frosdedje,478,0478 Frosdedje,174,167,6.0,Illustration Rare,./img/MaskeradeimZwielicht_174_Frosdedje.png,18.07.2025
Karmesin & Purpur,Maskerade im Zwielicht,Panferno,392,0392 Panferno,173,167,7.0,Illustration Rare,./img/MaskeradeimZwielicht_173_Panferno.png,18.07.2025
Karmesin & Purpur,Maskerade im Zwielicht,Qurtel,324,0324 Qurtel,172,167,2.7,Illustration Rare,./img/MaskeradeimZwielicht_172_Qurtel.png,18.07.2025
Karmesin & Purpur,Maskerade im Zwielicht,Mortcha,1012,1012 Mortcha,171,167,2.25,Illustration Rare,./img/MaskeradeimZwielicht_171_Mortcha.png,18.07.2025
Karmesin & Purpur,Maskerade im Zwielicht,Sirapfel,1011,1011 Sirapfel,170,167,3.5,Illustration Rare,./img/MaskeradeimZwielicht_170_Sirapfel.png,18.07.2025
Karmesin & Purpur,Maskerade im Zwielicht,Sonnflora,192,0192 Sonnflora,169,167,3.0,Illustration Rare,./img/MaskeradeimZwielicht_169_Sonnflora.png,18.07.2025
Karmesin & Purpur,Maskerade im Zwielicht,Pinsir,127,0127 Pinsir,168,167,6.3,Illustration Rare,./img/MaskeradeimZwielicht_168_Pinsir.png,18.07.2025
Karmesin & Purpur,Gewalten der Zeit,Furienblitz-ex,1021,1021 Furienblitz,208,162,68.99,Special Illustration Rare,./img/GewaltenderZeit_208_Furienblitz-ex.png,18.07.2025
Karmesin & Purpur,Gewalten der Zeit,Eisenfels-ex,1022,1022 Eisenfels,207,162,26.5,Special Illustration Rare,./img/GewaltenderZeit_207_Eisenfels-ex.png,18.07.2025
Karmesin & Purpur,Gewalten der Zeit,Eisenhaupt-ex,1023,1023 Eisenhaupt,206,162,50.0,Special Illustration Rare,./img/GewaltenderZeit_206_Eisenhaupt-ex.png,18.07.2025
Karmesin & Purpur,Gewalten der Zeit,Windewoge-ex,1009,1009 Windewoge,205,162,42.0,Special Illustration Rare,./img/GewaltenderZeit_205_Windewoge-ex.png,18.07.2025
Karmesin & Purpur,Gewalten der Zeit,Keilflamme-ex,1020,1020 Keilflamme,204,162,36.0,Special Illustration Rare,./img/GewaltenderZeit_204_Keilflamme-ex.png,18.07.2025
Karmesin & Purpur,Gewalten der Zeit,Eisenblatt-ex,1010,1010 Eisenblatt,203,162,28.0,Special Illustration Rare,./img/GewaltenderZeit_203_Eisenblatt-ex.png,18.07.2025
Karmesin & Purpur,Gewalten der Zeit,Sen-Long,780,0780 Sen-Long,184,162,5.0,Illustration Rare,./img/GewaltenderZeit_184_Sen-Long.png,18.07.2025
Karmesin & Purpur,Gewalten der Zeit,Chillabell,573,0573 Chillabell,183,162,6.99,Illustration Rare,./img/GewaltenderZeit_183_Chillabell.png,18.07.2025
Karmesin & Purpur,Gewalten der Zeit,Picochilla,572,0572 Picochilla,182,162,6.8,Illustration Rare,./img/GewaltenderZeit_182_Picochilla.png,18.07.2025
Karmesin & Purpur,Gewalten der Zeit,Plaudagei,441,0441 Plaudagei,181,162,4.7,Illustration Rare,./img/GewaltenderZeit_181_Plaudagei.png,18.07.2025
Karmesin & Purpur,Gewalten der Zeit,Schlurp,108,0108 Schlurp,180,162,8.99,Illustration Rare,./img/GewaltenderZeit_180_Schlurp.png,18.07.2025
Karmesin & Purpur,Gewalten der Zeit,Meltan,808,0808 Meltan,179,162,3.28,Illustration Rare,./img/GewaltenderZeit_179_Meltan.png,18.07.2025
Karmesin & Purpur,Gewalten der Zeit,Metagross,376,0376 Metagross,178,162,12.95,Illustration Rare,./img/GewaltenderZeit_178_Metagross.png,18.07.2025
Karmesin & Purpur,Gewalten der Zeit,Nebulak,92,0092 Nebulak,177,162,21.9,Illustration Rare,./img/GewaltenderZeit_177_Nebulak.png,18.07.2025
Karmesin & Purpur,Gewalten der Zeit,Arbok,24,0024 Arbok,176,162,10.99,Illustration Rare,./img/GewaltenderZeit_176_Arbok.png,18.07.2025
Karmesin & Purpur,Gewalten der Zeit,Pampross,750,0750 Pampross,175,162,3.1,Illustration Rare,./img/GewaltenderZeit_175_Pampross.png,18.07.2025
Karmesin & Purpur,Gewalten der Zeit,Stalobor,530,0530 Stalobor,174,162,5.49,Illustration Rare,./img/GewaltenderZeit_174_Stalobor.png,18.07.2025
Karmesin & Purpur,Gewalten der Zeit,Relicanth,369,0369 Relicanth,173,162,5.99,Illustration Rare,./img/GewaltenderZeit_173_Relicanth.png,18.07.2025
Karmesin & Purpur,Gewalten der Zeit,Wommel,742,0742 Wommel,172,162,3.3,Illustration Rare,./img/GewaltenderZeit_172_Wommel.png,18.07.2025
Karmesin & Purpur,Gewalten der Zeit,Zytomega,579,0579 Zytomega,171,162,5.0,Illustration Rare,./img/GewaltenderZeit_171_Zytomega.png,18.07.2025
Karmesin & Purpur,Gewalten der Zeit,Bronzel,436,0436 Bronzel,170,162,4.49,Illustration Rare,./img/GewaltenderZeit_170_Bronzel.png,18.07.2025
Karmesin & Purpur,Gewalten der Zeit,Akkup,737,0737 Akkup,169,162,3.45,Illustration Rare,./img/GewaltenderZeit_169_Akkup.png,18.07.2025
Karmesin & Purpur,Gewalten der Zeit,Snomnom,872,0872 Snomnom,168,162,4.35,Illustration Rare,./img/GewaltenderZeit_168_Snomnom.png,18.07.2025
Karmesin & Purpur,Gewalten der Zeit,Flamiau,725,0725 Flamiau,167,162,7.49,Illustration Rare,./img/GewaltenderZeit_167_Flamiau.png,18.07.2025
Karmesin & Purpur,Gewalten der Zeit,Kronjuwild,586,0586 Kronjuwild,166,162,18.49,Illustration Rare,./img/GewaltenderZeit_166_Kronjuwild.png,18.07.2025
Karmesin & Purpur,Gewalten der Zeit,Sesokitz,585,0585 Sesokitz,165,162,14.0,Illustration Rare,./img/GewaltenderZeit_165_Sesokitz.png,18.07.2025
Karmesin & Purpur,Gewalten der Zeit,Chelcarain,388,0388 Chelcarain,164,162,8.99,Illustration Rare,./img/GewaltenderZeit_164_Chelcarain.png,18.07.2025
Karmesin & Purpur,Gewalten der Zeit,Tengulist,275,0275 Tengulist,163,162,6.75,Illustration Rare,./img/GewaltenderZeit_163_Tengulist.png,18.07.2025
Karmesin & Purpur,Paldeas Schicksale,Glurak-ex,6,0006 Glurak,234,91,149.99,Special Illustration Rare,./img/PaldeasSchicksale_234_Glurak-ex.png,18.07.2025
Karmesin & Purpur,Paldeas Schicksale,Guardevoir-ex,282,0282 Guardevoir,233,91,85.0,Special Illustration Rare,./img/PaldeasSchicksale_233_Guardevoir-ex.png,18.07.2025
Karmesin & Purpur,Paldeas Schicksale,Mew-ex,151,0151 Mew,232,91,220.0,Special Illustration Rare,./img/PaldeasSchicksale_232_Mew-ex.png,18.07.2025
Karmesin & Purpur,Paldeas Schicksale,Pamo,921,0921 Pamo,226,91,0.5,Illustration Rare,./img/PaldeasSchicksale_226_Pamo.png,18.07.2025
Karmesin & Purpur,Paldeas Schicksale,Delfinator,964,0964 Delfinator,225,91,0.45,Illustration Rare,./img/PaldeasSchicksale_225_Delfinator.png,18.07.2025
Karmesin & Purpur,Paldeas Schicksale,Schligdri,961,0961 Schligdri,224,91,0.4,Illustration Rare,./img/PaldeasSchicksale_224_Schligdri.png,18.07.2025
Karmesin & Purpur,Paradox Rift,Altaria-ex,334,0334 Altaria,253,182,45.0,Special Illustration Rare,./img/ParadoxRift_253_Altaria-ex.png,18.07.2025
Karmesin & Purpur,Paradox Rift,Monetigo-ex,1000,1000 Monetigo,252,182,20.0,Special Illustration Rare,./img/ParadoxRift_252_Monetigo-ex.png,18.07.2025
Karmesin & Purpur,Paradox Rift,Donnersichel-ex,1005,1005 Donnersichel,251,182,45.99,Special Illustration Rare,./img/ParadoxRift_251_Donnersichel-ex.png,18.07.2025
Karmesin & Purpur,Paradox Rift,Sandfell-ex,989,0989 Sandfell,250,182,6.4,Special Illustration Rare,./img/ParadoxRift_250_Sandfell-ex.png,18.07.2025
Karmesin & Purpur,Paradox Rift,Eisenkrieger-ex,1006,1006 Eisenkrieger,249,182,25.0,Special Illustration Rare,./img/ParadoxRift_249_Eisenkrieger-ex.png,18.07.2025
Karmesin & Purpur,Paradox Rift,Eisenhand-ex,992,0992 Eisenhand,248,182,9.99,Special Illustration Rare,./img/ParadoxRift_248_Eisenhand-ex.png,18.07.2025
Karmesin & Purpur,Paradox Rift,Kapu-Riki-ex,785,0785 Kapu-Riki,247,182,16.49,Special Illustration Rare,./img/ParadoxRift_247_Kapu-Riki-ex.png,18.07.2025
Karmesin & Purpur,Paradox Rift,Tectass-ex,768,0768 Tectass,246,182,16.0,Special Illustration Rare,./img/ParadoxRift_246_Tectass-ex.png,18.07.2025
Karmesin & Purpur,Paradox Rift,Knakrack-ex,445,0445 Knakrack,245,182,26.5,Special Illustration Rare,./img/ParadoxRift_245_Knakrack-ex.png,18.07.2025
Karmesin & Purpur,Paradox Rift,Eisenhals,993,0993 Eisenhals,216,182,4.88,Illustration Rare,./img/ParadoxRift_216_Eisenhals.png,18.07.2025
Karmesin & Purpur,Paradox Rift,Mopex,967,0967 Mopex,215,182,3.33,Illustration Rare,./img/ParadoxRift_215_Mopex.png,18.07.2025
Karmesin & Purpur,Paradox Rift,Porygon-Z,474,0474 Porygon-Z,214,182,4.89,Illustration Rare,./img/ParadoxRift_214_Porygon-Z.png,18.07.2025
Karmesin & Purpur,Paradox Rift,Wablu,333,0333 Wablu,213,182,10.0,Illustration Rare,./img/ParadoxRift_213_Wablu.png,18.07.2025
Karmesin & Purpur,Paradox Rift,Krakeelo,294,0294 Krakeelo,212,182,8.0,Illustration Rare,./img/ParadoxRift_212_Krakeelo.png,18.07.2025
Karmesin & Purpur,Paradox Rift,Griffel,190,0190 Griffel,211,182,6.2,Illustration Rare,./img/ParadoxRift_211_Griffel.png,18.07.2025
Karmesin & Purpur,Paradox Rift,Durengard,681,0681 Durengard,210,182,4.0,Illustration Rare,./img/ParadoxRift_210_Durengard.png,18.07.2025
Karmesin & Purpur,Paradox Rift,Tentantel,598,0598 Tentantel,209,182,4.5,Illustration Rare,./img/ParadoxRift_209_Tentantel.png,18.07.2025
Karmesin & Purpur,Paradox Rift,Stahlos,208,0208 Stahlos,208,182,20.0,Illustration Rare,./img/ParadoxRift_208_Stahlos.png,18.07.2025
Karmesin & Purpur,Paradox Rift,Wutpilz,986,0986 Wutpilz,207,182,9.0,Illustration Rare,./img/ParadoxRift_207_Wutpilz.png,18.07.2025
Karmesin & Purpur,Paradox Rift,Morpeko,877,0877 Morpeko,206,182,9.9,Illustration Rare,./img/ParadoxRift_206_Morpeko.png,18.07.2025
Karmesin & Purpur,Paradox Rift,Yveltal,717,0717 Yveltal,205,182,11.5,Illustration Rare,./img/ParadoxRift_205_Yveltal.png,18.07.2025
Karmesin & Purpur,Paradox Rift,Deponitox,569,0569 Deponitox,204,182,6.4,Illustration Rare,./img/ParadoxRift_204_Deponitox.png,18.07.2025
Karmesin & Purpur,Paradox Rift,Kriechflügel,988,0988 Kriechflügel,203,182,3.45,Illustration Rare,./img/ParadoxRift_203_Kriechflügel.png,18.07.2025
Karmesin & Purpur,Paradox Rift,Saltigant,934,0934 Saltigant,202,182,1.85,Illustration Rare,./img/ParadoxRift_202_Saltigant.png,18.07.2025
Karmesin & Purpur,Paradox Rift,Meteno,774,0774 Meteno,201,182,7.98,Illustration Rare,./img/ParadoxRift_201_Meteno.png,18.07.2025
Karmesin & Purpur,Paradox Rift,Wie-Shu,620,0620 Wie-Shu,200,182,5.98,Illustration Rare,./img/ParadoxRift_200_Wie-Shu.png,18.07.2025
Karmesin & Purpur,Paradox Rift,Groudon,383,0383 Groudon,199,182,56.9,Illustration Rare,./img/ParadoxRift_199_Groudon.png,18.07.2025
Karmesin & Purpur,Paradox Rift,Gierspenst,999,0999 Gierspenst,198,182,6.52,Illustration Rare,./img/ParadoxRift_198_Gierspenst.png,18.07.2025
Karmesin & Purpur,Paradox Rift,Psiopatra,956,0956 Psiopatra,197,182,4.69,Illustration Rare,./img/ParadoxRift_197_Psiopatra.png,18.07.2025
Karmesin & Purpur,Paradox Rift,Wattzapf,595,0595 Wattzapf,196,182,7.35,Illustration Rare,./img/ParadoxRift_196_Wattzapf.png,18.07.2025
Karmesin & Purpur,Paradox Rift,Elezeba,522,0522 Elezeba,195,182,5.49,Illustration Rare,./img/ParadoxRift_195_Elezeba.png,18.07.2025
Karmesin & Purpur,Paradox Rift,Minun,312,0312 Minun,194,182,16.99,Illustration Rare,./img/ParadoxRift_194_Minun.png,18.07.2025
Karmesin & Purpur,Paradox Rift,Plusle,311,0311 Plusle,193,182,16.44,Illustration Rare,./img/ParadoxRift_193_Plusle.png,18.07.2025
Karmesin & Purpur,Paradox Rift,Agiluza,976,0976 Agiluza,192,182,4.39,Illustration Rare,./img/ParadoxRift_192_Agiluza.png,18.07.2025
Karmesin & Purpur,Paradox Rift,Reißlaus,767,0767 Reißlaus,191,182,5.5,Illustration Rare,./img/ParadoxRift_191_Reißlaus.png,18.07.2025
Karmesin & Purpur,Paradox Rift,Gelatroppo,583,0583 Gelatroppo,190,182,7.74,Illustration Rare,./img/ParadoxRift_190_Gelatroppo.png,18.07.2025
Karmesin & Purpur,Paradox Rift,Mantirps,458,0458 Mantirps,189,182,10.49,Illustration Rare,./img/ParadoxRift_189_Mantirps.png,18.07.2025
Karmesin & Purpur,Paradox Rift,Schneppke,361,0361 Schneppke,188,182,7.0,Illustration Rare,./img/ParadoxRift_188_Schneppke.png,18.07.2025
Karmesin & Purpur,Paradox Rift,Eisenfalter,994,0994 Eisenfalter,187,182,3.59,Illustration Rare,./img/ParadoxRift_187_Eisenfalter.png,18.07.2025
Karmesin & Purpur,Paradox Rift,Magby,240,0240 Magby,186,182,9.25,Illustration Rare,./img/ParadoxRift_186_Magby.png,18.07.2025
Karmesin & Purpur,Paradox Rift,Tenterra,949,0949 Tenterra,185,182,4.48,Illustration Rare,./img/ParadoxRift_185_Tenterra.png,18.07.2025
Karmesin & Purpur,Paradox Rift,Keradar,825,0825 Keradar,184,182,2.95,Illustration Rare,./img/ParadoxRift_184_Keradar.png,18.07.2025
Karmesin & Purpur,Paradox Rift,Castellith,558,0558 Castellith,183,182,2.74,Illustration Rare,./img/ParadoxRift_183_Castellith.png,18.07.2025
Karmesin & Purpur,151,Zapdos-ex,145,0145 Zapdos,202,165,64.99,Special Illustration Rare,./img/151_202_Zapdos-ex.png,18.07.2025
Karmesin & Purpur,151,Simsala-ex,65,0065 Simsala,201,165,44.99,Special Illustration Rare,./img/151_201_Simsala-ex.png,18.07.2025
Karmesin & Purpur,151,Turtok-ex,9,0009 Turtok,200,165,72.5,Special Illustration Rare,./img/151_200_Turtok-ex.png,18.07.2025
Karmesin & Purpur,151,Glurak-ex,6,0006 Glurak,199,165,190.0,Special Illustration Rare,./img/151_199_Glurak-ex.png,18.07.2025
Karmesin & Purpur,151,Bisaflor-ex,3,0003 Bisaflor,198,165,70.0,Special Illustration Rare,./img/151_198_Bisaflor-ex.png,18.07.2025
Karmesin & Purpur,151,Dragonir,148,0148 Dragonir,181,165,27.5,Illustration Rare,./img/151_181_Dragonir.png,18.07.2025
Karmesin & Purpur,151,Amonitas,138,0138 Amonitas,180,165,9.0,Illustration Rare,./img/151_180_Amonitas.png,18.07.2025
Karmesin & Purpur,151,Pantimos,122,0122 Pantimos,179,165,8.49,Illustration Rare,./img/151_179_Pantimos.png,18.07.2025
Karmesin & Purpur,151,Tangela,114,0114 Tangela,178,165,9.5,Illustration Rare,./img/151_178_Tangela.png,18.07.2025
Karmesin & Purpur,151,Maschock,67,0067 Maschock,177,165,11.5,Illustration Rare,./img/151_177_Maschock.png,18.07.2025
Karmesin & Purpur,151,Quaputzi,61,0061 Quaputzi,176,165,18.0,Illustration Rare,./img/151_176_Quaputzi.png,18.07.2025
Karmesin & Purpur,151,Enton,54,0054 Enton,175,165,18.4,Illustration Rare,./img/151_175_Enton.png,18.07.2025
Karmesin & Purpur,151,Nidoking,34,0034 Nidoking,174,165,11.9,Illustration Rare,./img/151_174_Nidoking.png,18.07.2025
Karmesin & Purpur,151,Pikachu,25,0025 Pikachu,173,165,28.0,Illustration Rare,./img/151_173_Pikachu.png,18.07.2025
Karmesin & Purpur,151,Raupy,10,0010 Raupy,172,165,10.49,Illustration Rare,./img/151_172_Raupy.png,18.07.2025
Karmesin & Purpur,151,Schillok,8,0008 Schillok,171,165,33.99,Illustration Rare,./img/151_171_Schillok.png,18.07.2025
Karmesin & Purpur,151,Schiggy,7,0007 Schiggy,170,165,44.0,Illustration Rare,./img/151_170_Schiggy.png,18.07.2025
Karmesin & Purpur,151,Glutexo,5,0005 Glutexo,169,165,35.0,Illustration Rare,./img/151_169_Glutexo.png,18.07.2025
Karmesin & Purpur,151,Glumanda,4,0004 Glumanda,168,165,52.0,Illustration Rare,./img/151_168_Glumanda.png,18.07.2025
Karmesin & Purpur,151,Bisaknosp,2,0002 Bisaknosp,167,165,31.9,Illustration Rare,./img/151_167_Bisaknosp.png,18.07.2025
Karmesin & Purpur,151,Bisasam,1,0001 Bisasam,166,165,39.69,Illustration Rare,./img/151_166_Bisasam.png,18.07.2025
Karmesin & Purpur,Obsidianflammen,Tauboss-ex,18,0018 Tauboss,225,197,15.99,Special Illustration Rare,./img/Obsidianflammen_225_Tauboss-ex.png,18.07.2025
Karmesin & Purpur,Obsidianflammen,Knattatox-ex,966,0966 Knattatox,224,197,3.5,Special Illustration Rare,./img/Obsidianflammen_224_Knattatox-ex.png,18.07.2025
Karmesin & Purpur,Obsidianflammen,Glurak-ex,6,0006 Glurak,223,197,63.39,Special Illustration Rare,./img/Obsidianflammen_223_Glurak-ex.png,18.07.2025
Karmesin & Purpur,Obsidianflammen,Kubuin-ex,875,0875 Kubuin,222,197,3.99,Special Illustration Rare,./img/Obsidianflammen_222_Kubuin-ex.png,18.07.2025
Karmesin & Purpur,Obsidianflammen,Ferkuli,915,0915 Ferkuli,209,197,3.7,Illustration Rare,./img/Obsidianflammen_209_Ferkuli.png,18.07.2025
Karmesin & Purpur,Obsidianflammen,Tauboga,17,0017 Tauboga,208,197,6.99,Illustration Rare,./img/Obsidianflammen_208_Tauboga.png,18.07.2025
Karmesin & Purpur,Obsidianflammen,Taubsi,16,0016 Taubsi,207,197,9.8,Illustration Rare,./img/Obsidianflammen_207_Taubsi.png,18.07.2025
Karmesin & Purpur,Obsidianflammen,Knattox,965,0965 Knattox,206,197,1.7,Illustration Rare,./img/Obsidianflammen_206_Knattox.png,18.07.2025
Karmesin & Purpur,Obsidianflammen,Scherox,212,0212 Scherox,205,197,7.98,Illustration Rare,./img/Obsidianflammen_205_Scherox.png,18.07.2025
Karmesin & Purpur,Obsidianflammen,Hunduster,228,0228 Hunduster,204,197,4.99,Illustration Rare,./img/Obsidianflammen_204_Hunduster.png,18.07.2025
Karmesin & Purpur,Obsidianflammen,Larvitar,246,0246 Larvitar,203,197,2.6,Illustration Rare,./img/Obsidianflammen_203_Larvitar.png,18.07.2025
Karmesin & Purpur,Obsidianflammen,Pii,173,0173 Pii,202,197,15.99,Illustration Rare,./img/Obsidianflammen_202_Pii.png,18.07.2025
Karmesin & Purpur,Obsidianflammen,Wampitz,939,0939 Wampitz,201,197,3.0,Illustration Rare,./img/Obsidianflammen_201_Wampitz.png,18.07.2025
Karmesin & Purpur,Obsidianflammen,Delfinator,964,0964 Delfinator,200,197,2.0,Illustration Rare,./img/Obsidianflammen_200_Delfinator.png,18.07.2025
Karmesin & Purpur,Obsidianflammen,Vulnona,38,0038 Vulnona,199,197,17.75,Illustration Rare,./img/Obsidianflammen_199_Vulnona.png,18.07.2025
Karmesin & Purpur,Obsidianflammen,Duflor,44,0044 Duflor,198,197,9.0,Illustration Rare,./img/Obsidianflammen_198_Duflor.png,18.07.2025
Karmesin & Purpur,Entwicklungen in Paldea,Krawalloro-ex,931,0931 Krawalloro,264,193,9.99,Special Illustration Rare,./img/EntwicklungeninPaldea_264_Krawalloro-ex.png,18.07.2025
Karmesin & Purpur,Entwicklungen in Paldea,Dinglu-ex,1003,1003 Dinglu,263,193,7.48,Special Illustration Rare,./img/EntwicklungeninPaldea_263_Dinglu-ex.png,18.07.2025
Karmesin & Purpur,Entwicklungen in Paldea,Granforgita-ex,959,0959 Granforgita,262,193,14.0,Special Illustration Rare,./img/EntwicklungeninPaldea_262_Granforgita-ex.png,18.07.2025
Karmesin & Purpur,Entwicklungen in Paldea,Baojian-ex,1002,1002 Baojian,261,193,18.5,Special Illustration Rare,./img/EntwicklungeninPaldea_261_Baojian-ex.png,18.07.2025
Karmesin & Purpur,Entwicklungen in Paldea,Bailonda-ex,914,0914 Bailonda,260,193,8.95,Special Illustration Rare,./img/EntwicklungeninPaldea_260_Bailonda-ex.png,18.07.2025
Karmesin & Purpur,Entwicklungen in Paldea,Yuyu-ex,1004,1004 Yuyu,259,193,22.5,Special Illustration Rare,./img/EntwicklungeninPaldea_259_Yuyu-ex.png,18.07.2025
Karmesin & Purpur,Entwicklungen in Paldea,Skelokrok-ex,911,0911 Skelokrok,258,193,17.0,Special Illustration Rare,./img/EntwicklungeninPaldea_258_Skelokrok-ex.png,18.07.2025
Karmesin & Purpur,Entwicklungen in Paldea,Chongjian-ex,1001,1001 Chongjian,257,193,8.5,Special Illustration Rare,./img/EntwicklungeninPaldea_257_Chongjian-ex.png,18.07.2025
Karmesin & Purpur,Entwicklungen in Paldea,Maskagato-ex,908,0908 Maskagato,256,193,15.0,Special Illustration Rare,./img/EntwicklungeninPaldea_256_Maskagato-ex.png,18.07.2025
Karmesin & Purpur,Entwicklungen in Paldea,Dummimisel,982,0982 Dummimisel,229,193,4.27,Illustration Rare,./img/EntwicklungeninPaldea_229_Dummimisel.png,18.07.2025
Karmesin & Purpur,Entwicklungen in Paldea,Farigiraf,981,0981 Farigiraf,228,193,5.0,Illustration Rare,./img/EntwicklungeninPaldea_228_Farigiraf.png,18.07.2025
Karmesin & Purpur,Entwicklungen in Paldea,Flaminkno,973,0973 Flaminkno,227,193,3.99,Illustration Rare,./img/EntwicklungeninPaldea_227_Flaminkno.png,18.07.2025
Karmesin & Purpur,Entwicklungen in Paldea,Famieps,925,0925 Famieps,226,193,17.0,Illustration Rare,./img/EntwicklungeninPaldea_226_Famieps.png,18.07.2025
Karmesin & Purpur,Entwicklungen in Paldea,Meikro,821,0821 Meikro,225,193,5.55,Illustration Rare,./img/EntwicklungeninPaldea_225_Meikro.png,18.07.2025
Karmesin & Purpur,Entwicklungen in Paldea,Schlurm,968,0968 Schlurm,224,193,3.5,Illustration Rare,./img/EntwicklungeninPaldea_224_Schlurm.png,18.07.2025
Karmesin & Purpur,Entwicklungen in Paldea,Affiti,945,0945 Affiti,223,193,4.49,Illustration Rare,./img/EntwicklungeninPaldea_223_Affiti.png,18.07.2025
Karmesin & Purpur,Entwicklungen in Paldea,Despotar,248,0248 Despotar,222,193,34.48,Illustration Rare,./img/EntwicklungeninPaldea_222_Despotar.png,18.07.2025
Karmesin & Purpur,Entwicklungen in Paldea,Paldea-Felino,194,0194 Felino,221,193,4.5,Illustration Rare,./img/EntwicklungeninPaldea_221_Paldea-Felino.png,18.07.2025
Karmesin & Purpur,Entwicklungen in Paldea,Geosali,932,0932 Geosali,220,193,3.8,Illustration Rare,./img/EntwicklungeninPaldea_220_Geosali.png,18.07.2025
Karmesin & Purpur,Entwicklungen in Paldea,Mogelbaum,185,0185 Mogelbaum,219,193,14.0,Illustration Rare,./img/EntwicklungeninPaldea_219_Mogelbaum.png,18.07.2025
Karmesin & Purpur,Entwicklungen in Paldea,Paldea-Tauros,128,0128 Tauros,218,193,11.5,Illustration Rare,./img/EntwicklungeninPaldea_218_Paldea-Tauros.png,18.07.2025
Karmesin & Purpur,Entwicklungen in Paldea,Tafforgita,958,0958 Tafforgita,217,193,9.9,Illustration Rare,./img/EntwicklungeninPaldea_217_Tafforgita.png,18.07.2025
Karmesin & Purpur,Entwicklungen in Paldea,Forgita,957,0957 Forgita,216,193,6.99,Illustration Rare,./img/EntwicklungeninPaldea_216_Forgita.png,18.07.2025
Karmesin & Purpur,Entwicklungen in Paldea,Skarabaks,954,0954 Skarabaks,215,193,3.99,Illustration Rare,./img/EntwicklungeninPaldea_215_Skarabaks.png,18.07.2025
Karmesin & Purpur,Entwicklungen in Paldea,Sankabuh,769,0769 Sankabuh,214,193,5.95,Illustration Rare,./img/EntwicklungeninPaldea_214_Sankabuh.png,18.07.2025
Karmesin & Purpur,Entwicklungen in Paldea,Hypnomorba,575,0575 Hypnomorba,213,193,3.8,Illustration Rare,./img/EntwicklungeninPaldea_213_Hypnomorba.png,18.07.2025
Karmesin & Purpur,Entwicklungen in Paldea,Traunmagil,429,0429 Traunmagil,212,193,14.29,Illustration Rare,./img/EntwicklungeninPaldea_212_Traunmagil.png,18.07.2025
Karmesin & Purpur,Entwicklungen in Paldea,Raichu,26,0026 Raichu,211,193,26.49,Illustration Rare,./img/EntwicklungeninPaldea_211_Raichu.png,18.07.2025
Karmesin & Purpur,Entwicklungen in Paldea,Espinodon,998,0998 Espinodon,210,193,10.0,Illustration Rare,./img/EntwicklungeninPaldea_210_Espinodon.png,18.07.2025
Karmesin & Purpur,Entwicklungen in Paldea,Cryospino,997,0997 Cryospino,209,193,9.0,Illustration Rare,./img/EntwicklungeninPaldea_209_Cryospino.png,18.07.2025
Karmesin & Purpur,Entwicklungen in Paldea,Frospino,996,0996 Frospino,208,193,9.0,Illustration Rare,./img/EntwicklungeninPaldea_208_Frospino.png,18.07.2025
Karmesin & Purpur,Entwicklungen in Paldea,Fuentente,913,0913 Fuentente,207,193,5.5,Illustration Rare,./img/EntwicklungeninPaldea_207_Fuentente.png,18.07.2025
Karmesin & Purpur,Entwicklungen in Paldea,Kwaks,912,0912 Kwaks,206,193,6.99,Illustration Rare,./img/EntwicklungeninPaldea_206_Kwaks.png,18.07.2025
Karmesin & Purpur,Entwicklungen in Paldea,Kubuin,875,0875 Kubuin,205,193,8.4,Illustration Rare,./img/EntwicklungeninPaldea_205_Kubuin.png,18.07.2025
Karmesin & Purpur,Entwicklungen in Paldea,Marill,183,0183 Marill,204,193,19.99,Illustration Rare,./img/EntwicklungeninPaldea_204_Marill.png,18.07.2025
Karmesin & Purpur,Entwicklungen in Paldea,Karpador,129,0129 Karpador,203,193,124.99,Illustration Rare,./img/EntwicklungeninPaldea_203_Karpador.png,18.07.2025
Karmesin & Purpur,Entwicklungen in Paldea,Lokroko,910,0910 Lokroko,202,193,8.5,Illustration Rare,./img/EntwicklungeninPaldea_202_Lokroko.png,18.07.2025
Karmesin & Purpur,Entwicklungen in Paldea,Krokel,909,0909 Krokel,201,193,16.0,Illustration Rare,./img/EntwicklungeninPaldea_201_Krokel.png,18.07.2025
Karmesin & Purpur,Entwicklungen in Paldea,Pyroleo,668,0668 Pyroleo,200,193,7.99,Illustration Rare,./img/EntwicklungeninPaldea_200_Pyroleo.png,18.07.2025
Karmesin & Purpur,Entwicklungen in Paldea,Dartignis,662,0662 Dartignis,199,193,7.0,Illustration Rare,./img/EntwicklungeninPaldea_199_Dartignis.png,18.07.2025
Karmesin & Purpur,Entwicklungen in Paldea,Weherba,946,0946 Weherba,198,193,6.5,Illustration Rare,./img/EntwicklungeninPaldea_198_Weherba.png,18.07.2025
Karmesin & Purpur,Entwicklungen in Paldea,Feliospa,907,0907 Feliospa,197,193,10.0,Illustration Rare,./img/EntwicklungeninPaldea_197_Feliospa.png,18.07.2025
Karmesin & Purpur,Entwicklungen in Paldea,Felori,906,0906 Felori,196,193,11.99,Illustration Rare,./img/EntwicklungeninPaldea_196_Felori.png,18.07.2025
Karmesin & Purpur,Entwicklungen in Paldea,Tropius,357,0357 Tropius,195,193,7.0,Illustration Rare,./img/EntwicklungeninPaldea_195_Tropius.png,18.07.2025
Karmesin & Purpur,Entwicklungen in Paldea,Skaraborn,214,0214 Skaraborn,194,193,18.49,Illustration Rare,./img/EntwicklungeninPaldea_194_Skaraborn.png,18.07.2025
Karmesin & Purpur,Karmesin & Purpur,Eisenrad-ex,990,0990 Eisenrad,248,198,3.5,Special Illustration Rare,./img/KarmesinundPurpur_248_Eisenrad-ex.png,18.07.2025
Karmesin & Purpur,Karmesin & Purpur,Koraidon-ex,1007,1007 Koraidon,247,198,17.0,Special Illustration Rare,./img/KarmesinundPurpur_247_Koraidon-ex.png,18.07.2025
Karmesin & Purpur,Karmesin & Purpur,Riesenzahn-ex,984,0984 Riesenzahn,246,198,8.99,Special Illustration Rare,./img/KarmesinundPurpur_246_Riesenzahn-ex.png,18.07.2025
Karmesin & Purpur,Karmesin & Purpur,Guardevoir-ex,282,0282 Guardevoir,245,198,39.95,Special Illustration Rare,./img/KarmesinundPurpur_245_Guardevoir-ex.png,18.07.2025
Karmesin & Purpur,Karmesin & Purpur,Miraidon-ex,1008,1008 Miraidon,244,198,21.99,Special Illustration Rare,./img/KarmesinundPurpur_244_Miraidon-ex.png,18.07.2025
Karmesin & Purpur,Karmesin & Purpur,Spinsidias-ex,918,0918 Spinsidias,243,198,5.55,Special Illustration Rare,./img/KarmesinundPurpur_243_Spinsidias-ex.png,18.07.2025
Karmesin & Purpur,Karmesin & Purpur,Raffel,819,0819 Raffel,222,198,3.98,Illustration Rare,./img/KarmesinundPurpur_222_Raffel.png,18.07.2025
Karmesin & Purpur,Karmesin & Purpur,Staralili,396,0396 Staralili,221,198,5.89,Illustration Rare,./img/KarmesinundPurpur_221_Staralili.png,18.07.2025
Karmesin & Purpur,Karmesin & Purpur,Gladimperio,983,0983 Gladimperio,220,198,4.2,Illustration Rare,./img/KarmesinundPurpur_220_Gladimperio.png,18.07.2025
Karmesin & Purpur,Karmesin & Purpur,Adebom,962,0962 Adebom,219,198,3.48,Illustration Rare,./img/KarmesinundPurpur_219_Adebom.png,18.07.2025
Karmesin & Purpur,Karmesin & Purpur,Mastifioso,943,0943 Mastifioso,218,198,3.0,Illustration Rare,./img/KarmesinundPurpur_218_Mastifioso.png,18.07.2025
Karmesin & Purpur,Karmesin & Purpur,Klibbe,950,0950 Klibbe,217,198,3.69,Illustration Rare,./img/KarmesinundPurpur_217_Klibbe.png,18.07.2025
Karmesin & Purpur,Karmesin & Purpur,Ganovil,551,0551 Ganovil,216,198,3.8,Illustration Rare,./img/KarmesinundPurpur_216_Ganovil.png,18.07.2025
Karmesin & Purpur,Karmesin & Purpur,Riolu,447,0447 Riolu,215,198,13.5,Illustration Rare,./img/KarmesinundPurpur_215_Riolu.png,18.07.2025
Karmesin & Purpur,Karmesin & Purpur,Gruff,971,0971 Gruff,214,198,5.8,Illustration Rare,./img/KarmesinundPurpur_214_Gruff.png,18.07.2025
Karmesin & Purpur,Karmesin & Purpur,Hefel,926,0926 Hefel,213,198,7.48,Illustration Rare,./img/KarmesinundPurpur_213_Hefel.png,18.07.2025
Karmesin & Purpur,Karmesin & Purpur,Kirlia,281,0281 Kirlia,212,198,22.0,Illustration Rare,./img/KarmesinundPurpur_212_Kirlia.png,18.07.2025
Karmesin & Purpur,Karmesin & Purpur,Trasla,280,0280 Trasla,211,198,26.99,Illustration Rare,./img/KarmesinundPurpur_211_Trasla.png,18.07.2025
Karmesin & Purpur,Karmesin & Purpur,Traumato,96,0096 Traumato,210,198,21.0,Illustration Rare,./img/KarmesinundPurpur_210_Traumato.png,18.07.2025
Karmesin & Purpur,Karmesin & Purpur,Pamomamo,921,0921 Pamo,209,198,4.5,Illustration Rare,./img/KarmesinundPurpur_209_Pamomamo.png,18.07.2025
Karmesin & Purpur,Karmesin & Purpur,Pachirisu,417,0417 Pachirisu,208,198,6.99,Illustration Rare,./img/KarmesinundPurpur_208_Pachirisu.png,18.07.2025
Karmesin & Purpur,Karmesin & Purpur,Heerashai,977,0977 Heerashai,207,198,5.99,Illustration Rare,./img/KarmesinundPurpur_207_Heerashai.png,18.07.2025
Karmesin & Purpur,Karmesin & Purpur,Schligda,960,0960 Schligda,206,198,4.99,Illustration Rare,./img/KarmesinundPurpur_206_Schligda.png,18.07.2025
Karmesin & Purpur,Karmesin & Purpur,Scampisto,692,0692 Scampisto,205,198,3.3,Illustration Rare,./img/KarmesinundPurpur_205_Scampisto.png,18.07.2025
Karmesin & Purpur,Karmesin & Purpur,Flegmon,79,0079 Flegmon,204,198,12.99,Illustration Rare,./img/KarmesinundPurpur_204_Flegmon.png,18.07.2025
Karmesin & Purpur,Karmesin & Purpur,Crimanzo,936,0936 Crimanzo,203,198,6.99,Illustration Rare,./img/KarmesinundPurpur_203_Crimanzo.png,18.07.2025
Karmesin & Purpur,Karmesin & Purpur,Halupenjo,952,0952 Halupenjo,202,198,2.95,Illustration Rare,./img/KarmesinundPurpur_202_Halupenjo.png,18.07.2025
Karmesin & Purpur,Karmesin & Purpur,Tentagra,948,0948 Tentagra,201,198,3.49,Illustration Rare,./img/KarmesinundPurpur_201_Tentagra.png,18.07.2025
Karmesin & Purpur,Karmesin & Purpur,Olivinio,929,0929 Olivinio,200,198,4.4,Illustration Rare,./img/KarmesinundPurpur_200_Olivinio.png,18.07.2025
Karmesin & Purpur,Karmesin & Purpur,Tarundel,917,0917 Tarundel,199,198,5.4,Illustration Rare,./img/KarmesinundPurpur_199_Tarundel.png,18.07.2025
Karmesin & Purpur,SV Black Star Promos,Miraidon,1008,1008 Miraidon,13,-,4.0,Promo,./img/SVBlackStarPromos_13_Miraidon.png,-
Karmesin & Purpur,SV Black Star Promos,Koraidon,1007,1007 Koraidon,14,-,3.5,Promo,./img/SVBlackStarPromos_14_Koraidon.png,-
Karmesin & Purpur,SV Black Star Promos,Pikachu,25,0025 Pikachu,27,-,6.0,Promo,./img/SVBlackStarPromos_27_Pikachu.png,-
Karmesin & Purpur,SV Black Star Promos,Glumanda,4,0004 Glumanda,44,-,18.0,Promo,./img/SVBlackStarPromos_44_Glumanda.png,-
Karmesin & Purpur,SV Black Star Promos,Relaxo,143,0143 Relaxo,51,-,4.4,Promo,./img/SVBlackStarPromos_51_Relaxo.png,-
Karmesin & Purpur,SV Black Star Promos,Mewtu,150,0150 Mewtu,52,-,17.45,Promo,./img/SVBlackStarPromos_52_Mewtu.png,-
Karmesin & Purpur,SV Black Star Promos,Mew,151,0151 Mew,53,-,29.94,Promo,./img/SVBlackStarPromos_53_Mew.png,-
Karmesin & Purpur,SV Black Star Promos,Brüllschweif,985,0985 Brüllschweif,65,-,3.33,Promo,./img/SVBlackStarPromos_65_Brüllschweif.png,-
Karmesin & Purpur,SV Black Star Promos,Eisenbündel,991,0991 Eisenbündel,66,-,1.5,Promo,./img/SVBlackStarPromos_66_Eisenbündel.png,-
Karmesin & Purpur,SV Black Star Promos,Mimigma,778,0778 Mimigma,75,-,1.5,Promo,./img/SVBlackStarPromos_75_Mimigma.png,-
Karmesin & Purpur,SV Black Star Promos,Pikachu,25,0025 Pikachu,88,-,10.0,Promo,./img/SVBlackStarPromos_88_Pikachu.png,-
Karmesin & Purpur,SV Black Star Promos,Türkisgrüne Maske Ogerpon,1017,1017 Ogerpon,123,-,0.6,Promo,./img/SVBlackStarPromos_123_Türkisgrüne Maske Ogerpon.png,-
Karmesin & Purpur,SV Black Star Promos,Infamomo,1025,1025 Infamomo,129,-,0.8,Promo,./img/SVBlackStarPromos_129_Infamomo.png,-
Karmesin & Purpur,SV Black Star Promos,Gladimperio,983,0983 Gladimperio,130,-,0.98,Promo,./img/SVBlackStarPromos_130_Gladimperio.png,-
Karmesin & Purpur,SV Black Star Promos,Seedraking ex,230,0230 Seedraking,131,-,9.79,Promo,./img/SVBlackStarPromos_131_Seedraking ex.png,-
Karmesin & Purpur,SV Black Star Promos,Quajutsu ex,658,0658 Quajutsu,132,-,8.0,Promo,./img/SVBlackStarPromos_132_Quajutsu ex.png,-
Karmesin & Purpur,SV Black Star Promos,Noctuh,164,0164 Noctuh,141,-,2.49,Promo,./img/SVBlackStarPromos_141_Noctuh.png,-
Karmesin & Purpur,SV Black Star Promos,Magneton,82,0082 Magenton,159,-,2.5,Promo,./img/SVBlackStarPromos_159_Magneton.png,-
Karmesin & Purpur,SV Black Star Promos,Evoli,133,0133 Evoli,173,-,5.94,Promo,./img/SVBlackStarPromos_173_Evoli.png,-
Karmesin & Purpur,SV Black Star Promos,Ns Zorua,570,0570 Zorua,189,-,3.1,Promo,./img/SVBlackStarPromos_189_Ns Zorua.png,-
Karmesin & Purpur,SV Black Star Promos,Team Rockets Woingenau,202,0202 Woingenau,203,-,6.95,Promo,./img/SVBlackStarPromos_203_Team Rockets Woingenau.png,-
Karmesin & Purpur,SV Black Star Promos,Marys Morpeko,877,0877 Morpeko,206,-,0.0,Promo,./img/SVBlackStarPromos_206_Marys Morpeko.png,-
Karmesin & Purpur,SV Black Star Promos,Troys Tanhel,374,0374 Tanhel,207,-,0.0,Promo,./img/SVBlackStarPromos_207_Troys Tanhel.png,-
Karmesin & Purpur,SV Black Star Promos,Victini,494,0494 Victini,208,-,0.0,Promo,./img/SVBlackStarPromos_208_Victini.png,-
Karmesin & Purpur,SV Black Star Promos,Voltolos,642,0642 Voltolos,209,-,0.0,Promo,./img/SVBlackStarPromos_209_Voltolos.png,-
Karmesin & Purpur,SV Black Star Promos,Boreos,641,0641 Boreos,210,-,0.0,Promo,./img/SVBlackStarPromos_210_Boreos.png,-
Karmesin & Purpur,SV Black Star Promos,Morbitesse,576,0576 Morbitesse,211,-,0.0,Promo,./img/SVBlackStarPromos_211_Morbitesse.png,-
Karmesin & Purpur,SV Black Star Promos,Zytomega,579,0579 Zytomega,212,-,0.0,Promo,./img/SVBlackStarPromos_212_Zytomega.png,-
Karmesin & Purpur,Ewige Rivalen,Arven's Mabosstiff ex,943,0943 Mastifioso,235,182,33.0,Special Illustration Rare,./img/EwigeRivalen_235_Arven's Mabosstiff ex.png,18.07.2025
Karmesin & Purpur,Ewige Rivalen,Team Rocket's Crobat ex,169,0169 Iksbat,234,182,51.95,Special Illustration Rare,./img/EwigeRivalen_234_Team Rocket's Crobat ex.png,18.07.2025
Karmesin & Purpur,Ewige Rivalen,Team Rocket's Nidoking ex,34,0034 Nidoking,233,182,103.0,Special Illustration Rare,./img/EwigeRivalen_233_Team Rocket's Nidoking ex.png,18.07.2025
Karmesin & Purpur,Ewige Rivalen,Cynthia's Garchomp ex,445,0445 Knakrack,232,182,150.0,Special Illustration Rare,./img/EwigeRivalen_232_Cynthia's Garchomp ex.png,18.07.2025
Karmesin & Purpur,Ewige Rivalen,Team Rocket's Mewtwo ex,150,0150 Mewtu,231,182,335.0,Special Illustration Rare,./img/EwigeRivalen_231_Team Rocket's Mewtwo ex.png,18.07.2025
Karmesin & Purpur,Ewige Rivalen,Ethan's Ho-Oh ex,250,0250 Ho-Oh,230,182,174.8,Special Illustration Rare,./img/EwigeRivalen_230_Ethan's Ho-Oh ex.png,18.07.2025
Karmesin & Purpur,Ewige Rivalen,Team Rocket's Moltres ex,146,0146 Lavados,229,182,150.0,Special Illustration Rare,./img/EwigeRivalen_229_Team Rocket's Moltres ex.png,18.07.2025
Karmesin & Purpur,Ewige Rivalen,Yanmega ex,469,0469 Yanmega,228,182,28.99,Special Illustration Rare,./img/EwigeRivalen_228_Yanmega ex.png,18.07.2025
Karmesin & Purpur,Ewige Rivalen,Arven's Greedent,820,0820 Schlaraffel,205,182,3.79,Illustration Rare,./img/EwigeRivalen_205_Arven's Greedent.png,18.07.2025
Karmesin & Purpur,Ewige Rivalen,Kangaskhan,115,0115 Kangama,204,182,7.89,Illustration Rare,./img/EwigeRivalen_204_Kangaskhan.png,18.07.2025
Karmesin & Purpur,Ewige Rivalen,Team Rocket's Meowth,52,0052 Mauzi,203,182,19.0,Illustration Rare,./img/EwigeRivalen_203_Team Rocket's Meowth.png,18.07.2025
Karmesin & Purpur,Ewige Rivalen,Team Rocket's Raticate,20,0020 Rattikarl,202,182,7.5,Illustration Rare,./img/EwigeRivalen_202_Team Rocket's Raticate.png,18.07.2025
Karmesin & Purpur,Ewige Rivalen,Zamazenta,889,0889 Zamazenta,201,182,3.99,Illustration Rare,./img/EwigeRivalen_201_Zamazenta.png,18.07.2025
Karmesin & Purpur,Ewige Rivalen,Team Rocket's Murkrow,198,0198 Kramurx,200,182,8.0,Illustration Rare,./img/EwigeRivalen_200_Team Rocket's Murkrow.png,18.07.2025
Karmesin & Purpur,Ewige Rivalen,Team Rocket's Weezing,110,0110 Smogmog,199,182,8.5,Illustration Rare,./img/EwigeRivalen_199_Team Rocket's Weezing.png,18.07.2025
Karmesin & Purpur,Ewige Rivalen,Team Rocket's Orbeetle,826,0826 Maritellit,198,182,3.49,Illustration Rare,./img/EwigeRivalen_198_Team Rocket's Orbeetle.png,18.07.2025
Karmesin & Purpur,Ewige Rivalen,Rotom,479,0479 Rotom,197,182,3.18,Illustration Rare,./img/EwigeRivalen_197_Rotom.png,18.07.2025
Karmesin & Purpur,Ewige Rivalen,Electrike,309,0309 Frizelbliz,196,182,3.89,Illustration Rare,./img/EwigeRivalen_196_Electrike.png,18.07.2025
Karmesin & Purpur,Ewige Rivalen,Clamperl,366,0366 Perlu,195,182,3.0,Illustration Rare,./img/EwigeRivalen_195_Clamperl.png,18.07.2025
Karmesin & Purpur,Ewige Rivalen,Misty's Lapras,131,0131 Lapras,194,182,19.98,Illustration Rare,./img/EwigeRivalen_194_Misty's Lapras.png,18.07.2025
Karmesin & Purpur,Ewige Rivalen,Misty's Psyduck,54,0054 Enton,193,182,38.0,Illustration Rare,./img/EwigeRivalen_193_Misty's Psyduck.png,18.07.2025
Karmesin & Purpur,Ewige Rivalen,Blaziken,257,0257 Lohgock,192,182,9.5,Illustration Rare,./img/EwigeRivalen_192_Blaziken.png,18.07.2025
Karmesin & Purpur,Ewige Rivalen,Team Rocket's Houndoom,229,0229 Hundemon,191,182,11.0,Illustration Rare,./img/EwigeRivalen_191_Team Rocket's Houndoom.png,18.07.2025
Karmesin & Purpur,Ewige Rivalen,Ethan's Typhlosion,157,0157 Tornupto,190,182,22.0,Illustration Rare,./img/EwigeRivalen_190_Ethan's Typhlosion.png,18.07.2025
Karmesin & Purpur,Ewige Rivalen,Rapidash,78,0078 Gallopa,189,182,6.6,Illustration Rare,./img/EwigeRivalen_189_Rapidash.png,18.07.2025
Karmesin & Purpur,Ewige Rivalen,Hydrapple,1019,1019 Hydrapfel,188,182,4.35,Illustration Rare,./img/EwigeRivalen_188_Hydrapple.png,18.07.2025
Karmesin & Purpur,Ewige Rivalen,Team Rocket's Spidops,918,0918 Spinsidias,187,182,4.99,Illustration Rare,./img/EwigeRivalen_187_Team Rocket's Spidops.png,18.07.2025
Karmesin & Purpur,Ewige Rivalen,Crustle,558,0558 Castellith,186,182,2.5,Illustration Rare,./img/EwigeRivalen_186_Crustle.png,18.07.2025
Karmesin & Purpur,Ewige Rivalen,Shaymin,492,0492 Shaymin,185,182,8.4,Illustration Rare,./img/EwigeRivalen_185_Shaymin.png,18.07.2025
Karmesin & Purpur,Ewige Rivalen,Cynthia's Roserade,407,0407 Roserade,184,182,13.29,Illustration Rare,./img/EwigeRivalen_184_Cynthia's Roserade.png,18.07.2025
Karmesin & Purpur,Ewige Rivalen,Yanma,193,0193 Yanma,183,182,5.89,Illustration Rare,./img/EwigeRivalen_183_Yanma.png,18.07.2025
Karmesin & Purpur,Weisse Flammen,Pansear,513,0513 Grillmak,99,86,12.0,Illustration Rare,./img/WeisseFlammen_99_Pansear.png,20.07.2025
Karmesin & Purpur,Weisse Flammen,Emboar Holo,500,0500 Flambirex,98,86,24.95,Illustration Rare,./img/WeisseFlammen_98_Emboar Holo.png,20.07.2025
Karmesin & Purpur,Weisse Flammen,Pignite Holo,499,0499 Ferkokel,97,86,11.0,Illustration Rare,./img/WeisseFlammen_97_Pignite Holo.png,20.07.2025
Karmesin & Purpur,Weisse Flammen,Tepig Holo,498,0498 Floink,96,86,17.0,Illustration Rare,./img/WeisseFlammen_96_Tepig Holo.png,20.07.2025
Karmesin & Purpur,Weisse Flammen,Virizion,640,0640 Viridium,95,86,15.0,Illustration Rare,./img/WeisseFlammen_95_Virizion.png,20.07.2025
Karmesin & Purpur,Weisse Flammen,Accelgor,617,0617 Hydragil,94,86,11.99,Illustration Rare,./img/WeisseFlammen_94_Accelgor.png,20.07.2025
Karmesin & Purpur,Weisse Flammen,Shelmet,616,0616 Schnuthelm,93,86,12.0,Illustration Rare,./img/WeisseFlammen_93_Shelmet.png,20.07.2025
Karmesin & Purpur,Weisse Flammen,Sawsbuck,586,0586 Kronjuwild,92,86,12.69,Illustration Rare,./img/WeisseFlammen_92_Sawsbuck.png,20.07.2025
Karmesin & Purpur,Weisse Flammen,Deerling,585,0585 Sesokitz,91,86,9.49,Illustration Rare,./img/WeisseFlammen_91_Deerling.png,20.07.2025
Karmesin & Purpur,Weisse Flammen,Cottonee Holo,546,0546 Waumboll,90,86,12.0,Illustration Rare,./img/WeisseFlammen_90_Cottonee Holo.png,20.07.2025
Karmesin & Purpur,Weisse Flammen,Leavanny,542,0542 Matrifol,89,86,15.0,Illustration Rare,./img/WeisseFlammen_89_Leavanny.png,20.07.2025
Karmesin & Purpur,Weisse Flammen,Swadloon,541,0541 Folikon,88,86,8.99,Illustration Rare,./img/WeisseFlammen_88_Swadloon.png,20.07.2025
Karmesin & Purpur,Weisse Flammen,Sewaddle Holo,540,0540 Strawickl,87,86,10.0,Illustration Rare,./img/WeisseFlammen_87_Sewaddle Holo.png,20.07.2025
Karmesin & Purpur,Weisse Flammen,Reshiram ex,643,0643 Reshiram,173,86,445.0,Black White Rare,./img/WeisseFlammen_173_Reshiram ex.png,20.07.2025
Karmesin & Purpur,Weisse Flammen,Bouffalant ex,626,0626 Bisofank,170,86,50.0,Special Illustration Rare,./img/WeisseFlammen_170_Bouffalant ex.png,20.07.2025
Karmesin & Purpur,Weisse Flammen,Hydreigon ex Holo,635,0635 Trikephalo,169,86,129.0,Special Illustration Rare,./img/WeisseFlammen_169_Hydreigon ex Holo.png,20.07.2025
Karmesin & Purpur,Weisse Flammen,Jellicent ex Holo,593,0593 Apoquallyp,168,86,54.0,Special Illustration Rare,./img/WeisseFlammen_168_Jellicent ex Holo.png,20.07.2025
Karmesin & Purpur,Weisse Flammen,Keldeo ex,647,0647 Keldeo,167,86,120.0,Special Illustration Rare,./img/WeisseFlammen_167_Keldeo ex.png,20.07.2025
Karmesin & Purpur,Weisse Flammen,Reshiram ex Holo,643,0643 Reshiram,166,86,190.0,Special Illustration Rare,./img/WeisseFlammen_166_Reshiram ex Holo.png,20.07.2025
Karmesin & Purpur,Weisse Flammen,Whimsicott ex Holo,547,0547 Elfun,165,86,43.99,Special Illustration Rare,./img/WeisseFlammen_165_Whimsicott ex Holo.png,20.07.2025
Karmesin & Purpur,Weisse Flammen,Stoutland,508,0508 Bissbark,156,86,14.98,Illustration Rare,./img/WeisseFlammen_156_Stoutland.png,20.07.2025
Karmesin & Purpur,Weisse Flammen,Herdier,507,0507 Terribark,155,86,7.5,Illustration Rare,./img/WeisseFlammen_155_Herdier.png,20.07.2025
Karmesin & Purpur,Weisse Flammen,Lillipup Holo,506,0506 Yorkleff,154,86,12.95,Illustration Rare,./img/WeisseFlammen_154_Lillipup Holo.png,20.07.2025
Karmesin & Purpur,Weisse Flammen,Watchog Holo,505,0505 Kukmarda,153,86,7.4,Illustration Rare,./img/WeisseFlammen_153_Watchog Holo.png,20.07.2025
Karmesin & Purpur,Weisse Flammen,Patrat,504,0504 Nagelotz,152,86,14.99,Illustration Rare,./img/WeisseFlammen_152_Patrat.png,20.07.2025
Karmesin & Purpur,Weisse Flammen,Druddigon Holo,621,0621 Shardrago,151,86,18.49,Illustration Rare,./img/WeisseFlammen_151_Druddigon Holo.png,20.07.2025
Karmesin & Purpur,Weisse Flammen,Durant,632,0632 Fermicula,150,86,4.8,Illustration Rare,./img/WeisseFlammen_150_Durant.png,20.07.2025
Karmesin & Purpur,Weisse Flammen,Ferrothorn Holo,598,0598 Tentantel,149,86,8.99,Illustration Rare,./img/WeisseFlammen_149_Ferrothorn Holo.png,20.07.2025
Karmesin & Purpur,Weisse Flammen,Ferroseed,597,0597 Kastadur,148,86,17.9,Illustration Rare,./img/WeisseFlammen_148_Ferroseed.png,20.07.2025
Karmesin & Purpur,Weisse Flammen,Zweilous Holo,634,0634 Duodino,147,86,14.0,Illustration Rare,./img/WeisseFlammen_147_Zweilous Holo.png,20.07.2025
Karmesin & Purpur,Weisse Flammen,Deino Holo,633,0633 Kapuno,146,86,17.0,Illustration Rare,./img/WeisseFlammen_146_Deino Holo.png,20.07.2025
Karmesin & Purpur,Weisse Flammen,Mandibuzz Holo,630,0630 Grypheldis,145,86,11.99,Illustration Rare,./img/WeisseFlammen_145_Mandibuzz Holo.png,20.07.2025
Karmesin & Purpur,Weisse Flammen,Vullaby Holo,629,0629 Skallyk,144,86,17.99,Illustration Rare,./img/WeisseFlammen_144_Vullaby Holo.png,20.07.2025
Karmesin & Purpur,Weisse Flammen,Zoroark Holo,571,0571 Zoroark,143,86,72.5,Illustration Rare,./img/WeisseFlammen_143_Zoroark Holo.png,20.07.2025
Karmesin & Purpur,Weisse Flammen,Zorua Holo,570,0570 Zorua,142,86,16.0,Illustration Rare,./img/WeisseFlammen_142_Zorua Holo.png,20.07.2025
Karmesin & Purpur,Weisse Flammen,Garbodor,569,0569 Deponitox,141,86,29.99,Illustration Rare,./img/WeisseFlammen_141_Garbodor.png,20.07.2025
Karmesin & Purpur,Weisse Flammen,Trubbish Holo,568,0568 Unratütox,140,86,7.0,Illustration Rare,./img/WeisseFlammen_140_Trubbish Holo.png,20.07.2025
Karmesin & Purpur,Weisse Flammen,Scrafty,560,0560 Irokex,139,86,15.98,Illustration Rare,./img/WeisseFlammen_139_Scrafty.png,20.07.2025
Karmesin & Purpur,Weisse Flammen,Scraggy,559,0559 Zurrokex,138,86,23.5,Illustration Rare,./img/WeisseFlammen_138_Scraggy.png,20.07.2025
Karmesin & Purpur,Weisse Flammen,Liepard Holo,510,0510 Kleoparda,137,86,16.9,Illustration Rare,./img/WeisseFlammen_137_Liepard Holo.png,20.07.2025
Karmesin & Purpur,Weisse Flammen,Purrloin Holo,509,0509 Felilou,136,86,13.0,Illustration Rare,./img/WeisseFlammen_136_Purrloin Holo.png,20.07.2025
Karmesin & Purpur,Weisse Flammen,Terrakion,639,0639 Terrakium,135,86,49.99,Illustration Rare,./img/WeisseFlammen_135_Terrakion.png,20.07.2025
Karmesin & Purpur,Weisse Flammen,Mienshao Holo,620,0620 Wie-Shu,134,86,8.0,Illustration Rare,./img/WeisseFlammen_134_Mienshao Holo.png,20.07.2025
Karmesin & Purpur,Weisse Flammen,Mienfoo,619,0619 Lin-Fu,133,86,7.0,Illustration Rare,./img/WeisseFlammen_133_Mienfoo.png,20.07.2025
Karmesin & Purpur,Weisse Flammen,Archeops,567,0567 Aeropteryx,132,86,10.99,Illustration Rare,./img/WeisseFlammen_132_Archeops.png,20.07.2025
Karmesin & Purpur,Weisse Flammen,Sawk Holo,539,0539 Karadonis,130,86,6.99,Illustration Rare,./img/WeisseFlammen_130_Sawk Holo.png,20.07.2025
Karmesin & Purpur,Weisse Flammen,Gigalith,526,0526 Brockoloss,129,86,19.0,Illustration Rare,./img/WeisseFlammen_129_Gigalith.png,20.07.2025
Karmesin & Purpur,Weisse Flammen,Boldore Holo,525,0525 Sedimantur,128,86,9.95,Illustration Rare,./img/WeisseFlammen_128_Boldore Holo.png,20.07.2025
Karmesin & Purpur,Weisse Flammen,Roggenrola Holo,524,0524 Kiesling,127,86,7.5,Illustration Rare,./img/WeisseFlammen_127_Roggenrola Holo.png,20.07.2025
Karmesin & Purpur,Weisse Flammen,Frillish Holo,592,0592 Quabbel,126,86,20.0,Illustration Rare,./img/WeisseFlammen_126_Frillish Holo.png,20.07.2025
Karmesin & Purpur,Weisse Flammen,Gothorita Holo,575,0575 Hypnomorba,125,86,6.0,Illustration Rare,./img/WeisseFlammen_125_Gothorita Holo.png,20.07.2025
Karmesin & Purpur,Weisse Flammen,Gothita,574,0574 Mollimorba,124,86,13.0,Illustration Rare,./img/WeisseFlammen_124_Gothita.png,20.07.2025
Karmesin & Purpur,Weisse Flammen,Cofagrigus,563,0563 Echnatoll,123,86,27.99,Illustration Rare,./img/WeisseFlammen_123_Cofagrigus.png,20.07.2025
Karmesin & Purpur,Weisse Flammen,Yamask,562,0562 Makabaja,122,86,7.5,Illustration Rare,./img/WeisseFlammen_122_Yamask.png,20.07.2025
Karmesin & Purpur,Weisse Flammen,Sigilyph,561,0561 Symvolara,121,86,10.0,Illustration Rare,./img/WeisseFlammen_121_Sigilyph.png,20.07.2025
Karmesin & Purpur,Weisse Flammen,Swoobat,528,0528 Fletiamo,120,86,12.0,Illustration Rare,./img/WeisseFlammen_120_Swoobat.png,20.07.2025
Karmesin & Purpur,Weisse Flammen,Woobat,527,0527 Fleknoil,119,86,10.0,Illustration Rare,./img/WeisseFlammen_119_Woobat.png,20.07.2025
Karmesin & Purpur,Weisse Flammen,Stunfisk,618,0618 Flunschlik,118,86,7.0,Illustration Rare,./img/WeisseFlammen_118_Stunfisk.png,20.07.2025
Karmesin & Purpur,Weisse Flammen,Galvantula,596,0596 Voltula,117,86,13.0,Illustration Rare,./img/WeisseFlammen_117_Galvantula.png,20.07.2025
Karmesin & Purpur,Weisse Flammen,Joltik,595,0595 Wattzapf,116,86,9.9,Illustration Rare,./img/WeisseFlammen_116_Joltik.png,20.07.2025
Karmesin & Purpur,Weisse Flammen,Zebstrika,523,0523 Zebritz,115,86,13.0,Illustration Rare,./img/WeisseFlammen_115_Zebstrika.png,20.07.2025
Karmesin & Purpur,Weisse Flammen,Blitzle,522,0522 Elezeba,114,86,5.0,Illustration Rare,./img/WeisseFlammen_114_Blitzle.png,20.07.2025
Karmesin & Purpur,Weisse Flammen,Vanilluxe,584,0584 Gelatwino,113,86,9.0,Illustration Rare,./img/WeisseFlammen_113_Vanilluxe.png,20.07.2025
Karmesin & Purpur,Weisse Flammen,Vanillish,583,0583 Gelatroppo,112,86,14.0,Illustration Rare,./img/WeisseFlammen_112_Vanillish.png,20.07.2025
Karmesin & Purpur,Weisse Flammen,Vanillite,582,0582 Gelatini,111,86,13.3,Illustration Rare,./img/WeisseFlammen_111_Vanillite.png,20.07.2025
Karmesin & Purpur,Weisse Flammen,Swanna Holo,581,0581 Swaroness,110,86,10.0,Illustration Rare,./img/WeisseFlammen_110_Swanna Holo.png,20.07.2025
Karmesin & Purpur,Weisse Flammen,Ducklett Holo,580,0580 Piccolente,109,86,16.9,Illustration Rare,./img/WeisseFlammen_109_Ducklett Holo.png,20.07.2025
Karmesin & Purpur,Weisse Flammen,Basculin Holo,550,0550 Barschuft,108,86,10.0,Illustration Rare,./img/WeisseFlammen_108_Basculin Holo.png,20.07.2025
Karmesin & Purpur,Weisse Flammen,Samurott,503,0503 Admurai,107,86,31.5,Illustration Rare,./img/WeisseFlammen_107_Samurott.png,20.07.2025
Karmesin & Purpur,Weisse Flammen,Dewott,502,0502 Zwottronin,106,86,6.5,Illustration Rare,./img/WeisseFlammen_106_Dewott.png,20.07.2025
Karmesin & Purpur,Weisse Flammen,Oshawott Holo,501,0501 Ottaro,105,86,24.5,Illustration Rare,./img/WeisseFlammen_105_Oshawott Holo.png,20.07.2025
Karmesin & Purpur,Weisse Flammen,Heatmor,631,0631 Furnifraß,104,86,7.5,Illustration Rare,./img/WeisseFlammen_104_Heatmor.png,20.07.2025
Karmesin & Purpur,Weisse Flammen,Chandelure,609,0609 Skelabra,103,86,22.99,Illustration Rare,./img/WeisseFlammen_103_Chandelure.png,20.07.2025
Karmesin & Purpur,Weisse Flammen,Lampent Holo,608,0608 Laternecto,102,86,10.99,Illustration Rare,./img/WeisseFlammen_102_Lampent Holo.png,20.07.2025
Karmesin & Purpur,Weisse Flammen,Litwick Holo,607,0607 Lichtel,101,86,10.0,Illustration Rare,./img/WeisseFlammen_101_Litwick Holo.png,20.07.2025
Karmesin & Purpur,Weisse Flammen,Simisear Holo,514,0514 Grillchita,100,86,12.49,Illustration Rare,./img/WeisseFlammen_100_Simisear Holo.png,20.07.2025
Karmesin & Purpur,Schwarze Blitze,Larvesta Holo,636,0636 Ignivor,99,86,11.49,Illustration Rare,./img/SchwarzeBlitze_99_Larvesta Holo.png,20.07.2025
Karmesin & Purpur,Schwarze Blitze,Darmanitan,555,0555 Flampivian,98,86,12.0,Illustration Rare,./img/SchwarzeBlitze_98_Darmanitan.png,20.07.2025
Karmesin & Purpur,Schwarze Blitze,Darumaka Holo,554,0554 Flampion,97,86,8.85,Illustration Rare,./img/SchwarzeBlitze_97_Darumaka Holo.png,20.07.2025
Karmesin & Purpur,Schwarze Blitze,Amoonguss,591,0591 Hutsassa,96,86,22.0,Illustration Rare,./img/SchwarzeBlitze_96_Amoonguss.png,20.07.2025
Karmesin & Purpur,Schwarze Blitze,Foongus,590,0590 Tarnpignon,95,86,11.0,Illustration Rare,./img/SchwarzeBlitze_95_Foongus.png,20.07.2025
Karmesin & Purpur,Schwarze Blitze,Karrablast,588,0588 Laukaps,94,86,12.99,Illustration Rare,./img/SchwarzeBlitze_94_Karrablast.png,20.07.2025
Karmesin & Purpur,Schwarze Blitze,Maractus Holo,556,0556 Maracamba,93,86,9.79,Illustration Rare,./img/SchwarzeBlitze_93_Maractus Holo.png,20.07.2025
Karmesin & Purpur,Schwarze Blitze,Lilligant Holo,549,0549 Dressella,92,86,15.0,Illustration Rare,./img/SchwarzeBlitze_92_Lilligant Holo.png,20.07.2025
Karmesin & Purpur,Schwarze Blitze,Petilil Holo,548,0548 Lilminip,91,86,7.75,Illustration Rare,./img/SchwarzeBlitze_91_Petilil Holo.png,20.07.2025
Karmesin & Purpur,Schwarze Blitze,Simisage,512,0512 Vegichita,90,86,14.0,Illustration Rare,./img/SchwarzeBlitze_90_Simisage.png,20.07.2025
Karmesin & Purpur,Schwarze Blitze,Pansage Holo,511,0511 Vegimak,89,86,14.5,Illustration Rare,./img/SchwarzeBlitze_89_Pansage Holo.png,20.07.2025
Karmesin & Purpur,Schwarze Blitze,Servine,496,0496 Efoserp,88,86,11.0,Illustration Rare,./img/SchwarzeBlitze_88_Servine.png,20.07.2025
Karmesin & Purpur,Schwarze Blitze,Snivy Holo,495,0495 Serpifeu,87,86,15.0,Illustration Rare,./img/SchwarzeBlitze_87_Snivy Holo.png,20.07.2025
Karmesin & Purpur,Schwarze Blitze,Zekrom ex,644,0644 Zekrom,172,86,400.0,Black White Rare,./img/SchwarzeBlitze_172_Zekrom ex.png,20.07.2025
Karmesin & Purpur,Schwarze Blitze,Zekrom ex,644,0644 Zekrom,172,86,320.0,Black White Rare,./img/SchwarzeBlitze_172_Zekrom ex.png,20.07.2025
Karmesin & Purpur,Schwarze Blitze,Genesect ex,649,0649 Genesect,169,86,70.0,Special Illustration Rare,./img/SchwarzeBlitze_169_Genesect ex.png,20.07.2025
Karmesin & Purpur,Schwarze Blitze,Excadrill ex Holo,530,0530 Stalobor,168,86,23.0,Special Illustration Rare,./img/SchwarzeBlitze_168_Excadrill ex Holo.png,20.07.2025
Karmesin & Purpur,Schwarze Blitze,Meloetta ex,648,0648 Meloetta,167,86,59.99,Special Illustration Rare,./img/SchwarzeBlitze_167_Meloetta ex.png,20.07.2025
Karmesin & Purpur,Schwarze Blitze,Zekrom ex Holo,644,0644 Zekrom,166,86,234.0,Special Illustration Rare,./img/SchwarzeBlitze_166_Zekrom ex Holo.png,20.07.2025
Karmesin & Purpur,Schwarze Blitze,Kyurem ex,646,0646 Kyurem,165,86,140.0,Special Illustration Rare,./img/SchwarzeBlitze_165_Kyurem ex.png,20.07.2025
Karmesin & Purpur,Schwarze Blitze,Serperior ex,497,0497 Serpiroyal,164,86,75.0,Special Illustration Rare,./img/SchwarzeBlitze_164_Serperior ex.png,20.07.2025
Karmesin & Purpur,Schwarze Blitze,Braviary Holo,628,0628 Washakwil,155,86,14.0,Illustration Rare,./img/SchwarzeBlitze_155_Braviary Holo.png,20.07.2025
Karmesin & Purpur,Schwarze Blitze,Rufflet Holo,627,0627 Geronimatz,154,86,7.49,Illustration Rare,./img/SchwarzeBlitze_154_Rufflet Holo.png,20.07.2025
Karmesin & Purpur,Schwarze Blitze,Cinccino Holo,573,0573 Chillabell,153,86,9.9,Illustration Rare,./img/SchwarzeBlitze_153_Cinccino Holo.png,20.07.2025
Karmesin & Purpur,Schwarze Blitze,Minccino Holo,572,0572 Picochilla,152,86,10.0,Illustration Rare,./img/SchwarzeBlitze_152_Minccino Holo.png,20.07.2025
Karmesin & Purpur,Schwarze Blitze,Audino Holo,531,0531 Ohrdoch,151,86,11.5,Illustration Rare,./img/SchwarzeBlitze_151_Audino Holo.png,20.07.2025
Karmesin & Purpur,Schwarze Blitze,Unfezant Holo,521,0521 Fasasnob,150,86,16.0,Illustration Rare,./img/SchwarzeBlitze_150_Unfezant Holo.png,20.07.2025
Karmesin & Purpur,Schwarze Blitze,Tranquill,520,0520 Navitaub,149,86,10.0,Illustration Rare,./img/SchwarzeBlitze_149_Tranquill.png,20.07.2025
Karmesin & Purpur,Schwarze Blitze,Pidove,519,0519 Dusselgurr,148,86,9.49,Illustration Rare,./img/SchwarzeBlitze_148_Pidove.png,20.07.2025
Karmesin & Purpur,Schwarze Blitze,Haxorus Holo,612,0612 Maxax,147,86,47.5,Illustration Rare,./img/SchwarzeBlitze_147_Haxorus Holo.png,20.07.2025
Karmesin & Purpur,Schwarze Blitze,Fraxure Holo,611,0611 Sharfax,146,86,13.0,Illustration Rare,./img/SchwarzeBlitze_146_Fraxure Holo.png,20.07.2025
Karmesin & Purpur,Schwarze Blitze,Axew Holo,610,0610 Milza,145,86,9.75,Illustration Rare,./img/SchwarzeBlitze_145_Axew Holo.png,20.07.2025
Karmesin & Purpur,Schwarze Blitze,Cobalion Holo,638,0638 Kobalium,144,86,14.5,Illustration Rare,./img/SchwarzeBlitze_144_Cobalion Holo.png,20.07.2025
Karmesin & Purpur,Schwarze Blitze,Bisharp,625,0625 Caesurio,143,86,7.98,Illustration Rare,./img/SchwarzeBlitze_143_Bisharp.png,20.07.2025
Karmesin & Purpur,Schwarze Blitze,Pawniard,624,0624 Gladiantri,142,86,11.0,Illustration Rare,./img/SchwarzeBlitze_142_Pawniard.png,20.07.2025
Karmesin & Purpur,Schwarze Blitze,Klinklang Holo,599,0599 Klikk,141,86,8.5,Illustration Rare,./img/SchwarzeBlitze_141_Klinklang Holo.png,20.07.2025
Karmesin & Purpur,Schwarze Blitze,Klang,600,0600 Kliklak,140,86,9.0,Illustration Rare,./img/SchwarzeBlitze_140_Klang.png,20.07.2025
Karmesin & Purpur,Schwarze Blitze,Klink Holo,599,0599 Klikk,139,86,11.0,Illustration Rare,./img/SchwarzeBlitze_139_Klink Holo.png,20.07.2025
Karmesin & Purpur,Schwarze Blitze,Escavalier Holo,589,0589 Cavalanzas,138,86,24.99,Illustration Rare,./img/SchwarzeBlitze_138_Escavalier Holo.png,20.07.2025
Karmesin & Purpur,Schwarze Blitze,Krookodile,553,0553 Rabigator,137,86,22.0,Illustration Rare,./img/SchwarzeBlitze_137_Krookodile.png,20.07.2025
Karmesin & Purpur,Schwarze Blitze,Krokorok,552,0552 Rokkaiman,136,86,12.89,Illustration Rare,./img/SchwarzeBlitze_136_Krokorok.png,20.07.2025
Karmesin & Purpur,Schwarze Blitze,Sandile Holo,551,0551 Ganovil,135,86,12.99,Illustration Rare,./img/SchwarzeBlitze_135_Sandile Holo.png,20.07.2025
Karmesin & Purpur,Schwarze Blitze,Scolipede Holo,545,0545 Cerapendra,134,86,11.5,Illustration Rare,./img/SchwarzeBlitze_134_Scolipede Holo.png,20.07.2025
Karmesin & Purpur,Schwarze Blitze,Venipede Holo,543,0543 Toxiped,132,86,7.2,Illustration Rare,./img/SchwarzeBlitze_132_Venipede Holo.png,20.07.2025
Karmesin & Purpur,Schwarze Blitze,Landorus,645,0645 Demeteros,131,86,19.2,Illustration Rare,./img/SchwarzeBlitze_131_Landorus.png,20.07.2025
Karmesin & Purpur,Schwarze Blitze,Crustle,558,0558 Castellith,130,86,9.49,Illustration Rare,./img/SchwarzeBlitze_130_Crustle.png,20.07.2025
Karmesin & Purpur,Schwarze Blitze,Dwebble,557,0557 Lithomith,129,86,13.98,Illustration Rare,./img/SchwarzeBlitze_129_Dwebble.png,20.07.2025
Karmesin & Purpur,Schwarze Blitze,Throh Holo,538,0538 Jiutesto,128,86,8.0,Illustration Rare,./img/SchwarzeBlitze_128_Throh Holo.png,20.07.2025
Karmesin & Purpur,Schwarze Blitze,Conkeldurr,534,0534 Meistagrif,127,86,32.0,Illustration Rare,./img/SchwarzeBlitze_127_Conkeldurr.png,20.07.2025
Karmesin & Purpur,Schwarze Blitze,Gurdurr,533,0533 Strepoli,126,86,13.0,Illustration Rare,./img/SchwarzeBlitze_126_Gurdurr.png,20.07.2025
Karmesin & Purpur,Schwarze Blitze,Timburr,532,0532 Praktibalk,125,86,8.45,Illustration Rare,./img/SchwarzeBlitze_125_Timburr.png,20.07.2025
Karmesin & Purpur,Schwarze Blitze,Drilbur,529,0529 Rotomurf,124,86,8.0,Illustration Rare,./img/SchwarzeBlitze_124_Drilbur.png,20.07.2025
Karmesin & Purpur,Schwarze Blitze,Golurk Holo,623,0623 Golgantes,123,86,6.98,Illustration Rare,./img/SchwarzeBlitze_123_Golurk Holo.png,20.07.2025
Karmesin & Purpur,Schwarze Blitze,Golett,622,0622 Golbit,122,86,7.4,Illustration Rare,./img/SchwarzeBlitze_122_Golett.png,20.07.2025
Karmesin & Purpur,Schwarze Blitze,Beheeyem Holo,606,0606 Megalon,121,86,12.98,Illustration Rare,./img/SchwarzeBlitze_121_Beheeyem Holo.png,20.07.2025
Karmesin & Purpur,Schwarze Blitze,Elgyem Holo,605,0605 Pygraulon,120,86,9.99,Illustration Rare,./img/SchwarzeBlitze_120_Elgyem Holo.png,20.07.2025
Karmesin & Purpur,Schwarze Blitze,Duosion,578,0578 Mitodos,119,86,6.89,Illustration Rare,./img/SchwarzeBlitze_119_Duosion.png,20.07.2025
Karmesin & Purpur,Schwarze Blitze,Solosis Holo,577,0577 Monozyto,118,86,9.99,Illustration Rare,./img/SchwarzeBlitze_118_Solosis Holo.png,20.07.2025
Karmesin & Purpur,Schwarze Blitze,Musharna Holo,518,0518 Somnivora,117,86,15.0,Illustration Rare,./img/SchwarzeBlitze_117_Musharna Holo.png,20.07.2025
Karmesin & Purpur,Schwarze Blitze,Munna Holo,517,0517 Somniam,116,86,10.85,Illustration Rare,./img/SchwarzeBlitze_116_Munna Holo.png,20.07.2025
Karmesin & Purpur,Schwarze Blitze,Eelektross Holo,604,0604 Zapplarang,115,86,19.99,Illustration Rare,./img/SchwarzeBlitze_115_Eelektross Holo.png,20.07.2025
Karmesin & Purpur,Schwarze Blitze,Eelektrik Holo,603,0603 Zapplalek,114,86,17.5,Illustration Rare,./img/SchwarzeBlitze_114_Eelektrik Holo.png,20.07.2025
Karmesin & Purpur,Schwarze Blitze,Tynamo Holo,602,0602 Zapplardin,113,86,11.49,Illustration Rare,./img/SchwarzeBlitze_113_Tynamo Holo.png,20.07.2025
Karmesin & Purpur,Schwarze Blitze,Emolga,587,0587 Emolga,112,86,14.49,Illustration Rare,./img/SchwarzeBlitze_112_Emolga.png,20.07.2025
Karmesin & Purpur,Schwarze Blitze,Cryogonal Holo,615,0615 Frigometri,111,86,13.79,Illustration Rare,./img/SchwarzeBlitze_111_Cryogonal Holo.png,20.07.2025
Karmesin & Purpur,Schwarze Blitze,Beartic Holo,614,0614 Siberio,110,86,11.99,Illustration Rare,./img/SchwarzeBlitze_110_Beartic Holo.png,20.07.2025
Karmesin & Purpur,Schwarze Blitze,Cubchoo Holo,613,0613 Petznief,109,86,11.5,Illustration Rare,./img/SchwarzeBlitze_109_Cubchoo Holo.png,20.07.2025
Karmesin & Purpur,Schwarze Blitze,Alomomola Holo,594,0594 Mamolida,108,86,8.5,Illustration Rare,./img/SchwarzeBlitze_108_Alomomola Holo.png,20.07.2025
Karmesin & Purpur,Schwarze Blitze,Carracosta,565,0565 Karippas,107,86,12.95,Illustration Rare,./img/SchwarzeBlitze_107_Carracosta.png,20.07.2025
Karmesin & Purpur,Schwarze Blitze,Tirtouga Holo,564,0564 Galapaflos,106,86,18.9,Illustration Rare,./img/SchwarzeBlitze_106_Tirtouga Holo.png,20.07.2025
Karmesin & Purpur,Schwarze Blitze,Seismitoad Holo,537,0537 Branawarz,105,86,145.0,Illustration Rare,./img/SchwarzeBlitze_105_Seismitoad Holo.png,20.07.2025
Karmesin & Purpur,Schwarze Blitze,Palpitoad Holo,536,0536 Mebrana,104,86,14.99,Illustration Rare,./img/SchwarzeBlitze_104_Palpitoad Holo.png,20.07.2025
Karmesin & Purpur,Schwarze Blitze,Tympole,535,0535 Schallquap,103,86,11.69,Illustration Rare,./img/SchwarzeBlitze_103_Tympole.png,20.07.2025
Karmesin & Purpur,Schwarze Blitze,Simipour,516,0516 Sodachita,102,86,15.0,Illustration Rare,./img/SchwarzeBlitze_102_Simipour.png,20.07.2025
Karmesin & Purpur,Schwarze Blitze,Panpour Holo,515,0515 Sodamak,101,86,9.98,Illustration Rare,./img/SchwarzeBlitze_101_Panpour Holo.png,20.07.2025
Karmesin & Purpur,Schwarze Blitze,Volcarona Holo,637,0637 Ramoth,100,86,49.99,Illustration Rare,./img/SchwarzeBlitze_100_Volcarona Holo.png,20.07.2025
Karmesin & Purpur,Schwarze Blitze,Victini,494,0494 Victini,172,86,899.99,Black White Rare,./img/SchwarzeBlitze_172_Victini.png,20.07.2025
Karmesin & Purpur,Weisse Flammen,Victini,494,0494 Victini,172,86,899.99,Black White Rare,./img/WeisseFlammen_172_Victini.png,20.07.2025
Mega-Entwicklungen,Mega-Entwicklungen,Mega-Lucario-ex,448,0448 Lucario,188,132,320.0,Mega Hyper Rare,./img/Mega-Entwicklungen_188_Mega-Lucario-ex.png,
Mega-Entwicklungen,Mega-Entwicklungen,Mega-Guardevoir-ex,282,0282 Guardevoir,187,132,280.0,Mega Hyper Rare,./img/Mega-Entwicklungen_187_Mega-Guardevoir-ex.png,
Mega-Entwicklungen,Mega-Entwicklungen,Mega-Kangama-ex,115,0115 Kangama,182,132,64.59,Special Illustration Rare,./img/Mega-Entwicklungen_182_Mega-Kangama-ex.png,
Mega-Entwicklungen,Mega-Entwicklungen,Mega-Latias-ex,380,0380 Latias,181,132,114.99,Special Illustration Rare,./img/Mega-Entwicklungen_181_Mega-Latias-ex.png,
Mega-Entwicklungen,Mega-Entwicklungen,Mega-Absol-ex,359,0359 Absol,180,132,70.0,Special Illustration Rare,./img/Mega-Entwicklungen_180_Mega-Absol-ex.png,
Mega-Entwicklungen,Mega-Entwicklungen,Mega-Lucario-ex,448,0448 Lucario,179,132,150.0,Special Illustration Rare,./img/Mega-Entwicklungen_179_Mega-Lucario-ex.png,
Mega-Entwicklungen,Mega-Entwicklungen,Mega-Guardevoir-ex,282,0282 Guardevoir,178,132,219.99,Special Illustration Rare,./img/Mega-Entwicklungen_178_Mega-Guardevoir-ex.png,
Mega-Entwicklungen,Mega-Entwicklungen,Mega-Bisaflor-ex,3,0003 Bisaflor,177,132,115.0,Special Illustration Rare,./img/Mega-Entwicklungen_177_Mega-Bisaflor-ex.png,
Mega-Entwicklungen,Mega-Entwicklungen,Velursi,759,0759 Velursi,154,132,3.0,Illustration Rare,./img/Mega-Entwicklungen_154_Velursi.png,
Mega-Entwicklungen,Mega-Entwicklungen,Manguspektor,735,0735 Manguspektor,153,132,3.99,Illustration Rare,./img/Mega-Entwicklungen_153_Manguspektor.png,
Mega-Entwicklungen,Mega-Entwicklungen,Botogel,225,0225 Botogel,152,132,3.9,Illustration Rare,./img/Mega-Entwicklungen_152_Botogel.png,
Mega-Entwicklungen,Mega-Entwicklungen,Habitak,21,0021 Habitak,151,132,5.99,Illustration Rare,./img/Mega-Entwicklungen_151_Habitak.png,
Mega-Entwicklungen,Mega-Entwicklungen,Stahlos,208,0208 Stahlos,150,132,8.99,Illustration Rare,./img/Mega-Entwicklungen_150_Stahlos.png,
Mega-Entwicklungen,Mega-Entwicklungen,Sproxi,944,0944 Sproxi,149,132,1.75,Illustration Rare,./img/Mega-Entwicklungen_149_Sproxi.png,
Mega-Entwicklungen,Mega-Entwicklungen,Kryppuk,442,0442 Kryppuk,148,132,2.7,Illustration Rare,./img/Mega-Entwicklungen_148_Kryppuk.png,
Mega-Entwicklungen,Mega-Entwicklungen,Saltigant,934,0934 Saltigant,147,132,1.4,Illustration Rare,./img/Mega-Entwicklungen_147_Saltigant.png,
Mega-Entwicklungen,Mega-Entwicklungen,Marshadow,802,0802 Marshadow,146,132,24.79,Illustration Rare,./img/Mega-Entwicklungen_146_Marshadow.png,
Mega-Entwicklungen,Mega-Entwicklungen,Friedwuff,972,0972 Friedwuff,145,132,2.38,Illustration Rare,./img/Mega-Entwicklungen_145_Friedwuff.png,
Mega-Entwicklungen,Mega-Entwicklungen,Ninjatom,292,0292 Ninjatom,144,132,2.75,Illustration Rare,./img/Mega-Entwicklungen_144_Ninjatom.png,
Mega-Entwicklungen,Mega-Entwicklungen,Eguana,694,0694 Eguana,143,132,2.9,Illustration Rare,./img/Mega-Entwicklungen_143_Eguana.png,
Mega-Entwicklungen,Mega-Entwicklungen,Intelleon,818,0818 Intelleon,142,132,2.6,Illustration Rare,./img/Mega-Entwicklungen_142_Intelleon.png,
Mega-Entwicklungen,Mega-Entwicklungen,Wummer,693,0693 Wummer,141,132,2.0,Illustration Rare,./img/Mega-Entwicklungen_141_Wummer.png,
Mega-Entwicklungen,Mega-Entwicklungen,Shnebedeck,459,0459 Shnebedeck,140,132,3.0,Illustration Rare,./img/Mega-Entwicklungen_140_Shnebedeck.png,
Mega-Entwicklungen,Mega-Entwicklungen,Leufeo,667,0667 Leufeo,139,132,2.9,Illustration Rare,./img/Mega-Entwicklungen_139_Leufeo.png,
Mega-Entwicklungen,Mega-Entwicklungen,Vulpix,37,0037 Vulpix,138,132,14.0,Illustration Rare,./img/Mega-Entwicklungen_138_Vulpix.png,
Mega-Entwicklungen,Mega-Entwicklungen,Ninjask,291,0291 Ninjask,137,132,3.0,Illustration Rare,./img/Mega-Entwicklungen_137_Ninjask.png,
Mega-Entwicklungen,Mega-Entwicklungen,Pottrott,213,0213 Pottrott,136,132,3.5,Illustration Rare,./img/Mega-Entwicklungen_136_Pottrott.png,
Mega-Entwicklungen,Mega-Entwicklungen,Kokowei,103,0103 Kokowei,135,132,5.5,Illustration Rare,./img/Mega-Entwicklungen_135_Kokowei.png,
Mega-Entwicklungen,Mega-Entwicklungen,Bisaknosp,2,0002 Bisaknosp,134,132,23.0,Illustration Rare,./img/Mega-Entwicklungen_134_Bisaknosp.png,
Mega-Entwicklungen,Mega-Entwicklungen,Bisasam,1,0001 Bisasam,133,132,29.5,Illustration Rare,./img/Mega-Entwicklungen_133_Bisasam.png,
Mega-Entwicklungen,MEP Black Star Promos,Simsala,65,0065 Simsala,9,-,9.0,Promo,./img/MEPBlackStarPromos_9_Simsala.png,
Mega-Entwicklungen,MEP Black Star Promos,Riolu,447,0447 Riolu,10,-,6.5,Promo,./img/MEPBlackStarPromos_10_Riolu.png,
Mega-Entwicklungen,MEP Black Star Promos,Alpollo,93,0093 Alpollo,27,-,18.0,Promo,./img/MEPBlackStarPromos_27_Alpollo.png,
Mega-Entwicklungen,MEP Black Star Promos,Meloetta,648,0648 Meloetta,28,-,15.0,Promo,./img/MEPBlackStarPromos_28_Meloetta.png,